timestamp,onboard_control_sensors_present,onboard_control_sensors_enabled,onboard_control_sensors_health,nav_state,arming_state,hil_state,failsafe,system_type,system_id,component_id,is_rotary_wing,is_vtol,vtol_fw_permanent_stab,in_transition_mode,in_transition_to_fw,rc_signal_lost,rc_input_mode,data_link_lost,high_latency_data_link_active,data_link_lost_counter,engine_failure,mission_failure
3261636,0,0,0,0,1,0,0,2,1,1,1,0,0,0,0,1,0,1,0,0,0,0
4267883,0,0,0,0,1,0,0,2,1,1,1,0,0,0,0,1,0,1,0,0,0,0
4465044,3014703,2162703,3014703,0,1,0,0,2,1,1,1,0,0,0,0,1,0,0,0,0,0,0
5468945,3014703,2162703,3014703,0,1,0,0,2,1,1,1,0,0,0,0,1,0,0,0,0,0,0
6473728,3014703,2162703,3014703,0,1,0,0,2,1,1,1,0,0,0,0,1,0,0,0,0,0,0
7495269,3014703,2162703,3014703,0,1,0,0,2,1,1,1,0,0,0,0,1,0,0,0,0,0,0
8212752,3014703,2162703,3014703,0,1,0,0,2,1,1,1,0,0,0,0,1,0,0,0,0,0,0
9222537,3014703,2162703,3014703,0,1,0,0,2,1,1,1,0,0,0,0,1,0,0,0,0,0,0
10230522,3014703,2162703,3014703,0,1,0,0,2,1,1,1,0,0,0,0,1,0,0,0,0,0,0
11241546,3014703,2162703,3014703,0,1,0,0,2,1,1,1,0,0,0,0,1,0,0,0,0,0,0
12252680,3014703,2162703,3014703,0,1,0,0,2,1,1,1,0,0,0,0,1,0,0,0,0,0,0
13262538,3014703,2162703,3014703,0,1,0,0,2,1,1,1,0,0,0,0,1,0,0,0,0,0,0
14265673,3014703,2162703,3014703,0,1,0,0,2,1,1,1,0,0,0,0,1,0,0,0,0,0,0
15275251,3014703,2162703,3014703,0,1,0,0,2,1,1,1,0,0,0,0,1,0,0,0,0,0,0
16286477,3014703,2162703,3014703,0,1,0,0,2,1,1,1,0,0,0,0,1,0,0,0,0,0,0
17296681,3014703,2162703,3014703,0,1,0,0,2,1,1,1,0,0,0,0,1,0,0,0,0,0,0
18297691,3014703,2162703,3014703,0,1,0,0,2,1,1,1,0,0,0,0,1,0,0,0,0,0,0
19299430,3014703,2162703,3014703,0,1,0,0,2,1,1,1,0,0,0,0,1,0,0,0,0,0,0
20302529,3014703,2162703,3014703,0,1,0,0,2,1,1,1,0,0,0,0,1,0,0,0,0,0,0
21308952,3014703,2162703,3014703,0,1,0,0,2,1,1,1,0,0,0,0,1,0,0,0,0,0,0
22312621,3014703,2162703,3014703,0,1,0,0,2,1,1,1,0,0,0,0,1,0,0,0,0,0,0
23315578,3014703,2162703,3014703,0,1,0,0,2,1,1,1,0,0,0,0,1,0,0,0,0,0,0
24322372,3014703,2162703,3014703,0,1,0,0,2,1,1,1,0,0,0,0,1,0,0,0,0,0,0
25329500,3014703,2162703,3014703,0,1,0,0,2,1,1,1,0,0,0,0,1,0,0,0,0,0,0
26334324,3014703,2162703,3014703,0,1,0,0,2,1,1,1,0,0,0,0,1,0,0,0,0,0,0
27343202,3014703,2162703,3014703,0,1,0,0,2,1,1,1,0,0,0,0,1,0,0,0,0,0,0
28350583,3014703,2162703,3014703,0,1,0,0,2,1,1,1,0,0,0,0,1,0,0,0,0,0,0
29351942,3014703,2162703,3014703,0,1,0,0,2,1,1,1,0,0,0,0,1,0,0,0,0,0,0
30363056,3014703,2162703,3014703,0,1,0,0,2,1,1,1,0,0,0,0,1,0,0,0,0,0,0
31373506,3014703,2162703,3014703,0,1,0,0,2,1,1,1,0,0,0,0,1,0,0,0,0,0,0
32379495,3014703,2162703,3014703,0,1,0,0,2,1,1,1,0,0,0,0,1,0,0,0,0,0,0
33383385,3014703,2162703,3014703,0,1,0,0,2,1,1,1,0,0,0,0,1,0,0,0,0,0,0
34394105,3014703,2162703,3014703,0,1,0,0,2,1,1,1,0,0,0,0,1,0,0,0,0,0,0
35403876,3014703,2162703,3014703,0,1,0,0,2,1,1,1,0,0,0,0,1,0,0,0,0,0,0
36412247,3014703,2162703,3014703,0,1,0,0,2,1,1,1,0,0,0,0,1,0,0,0,0,0,0
37413503,3014703,2162703,3014703,0,1,0,0,2,1,1,1,0,0,0,0,1,0,0,0,0,0,0
38417794,3014703,2162703,3014703,0,1,0,0,2,1,1,1,0,0,0,0,1,0,0,0,0,0,0
39428250,3014703,2162703,3014703,0,1,0,0,2,1,1,1,0,0,0,0,1,0,0,0,0,0,0
40438918,3014703,2162703,3014703,0,1,0,0,2,1,1,1,0,0,0,0,1,0,0,0,0,0,0
41441718,3014703,2162703,3014703,0,1,0,0,2,1,1,1,0,0,0,0,1,0,0,0,0,0,0
42445598,3014703,2162703,3014703,0,1,0,0,2,1,1,1,0,0,0,0,1,0,0,0,0,0,0
43453628,3014703,2162703,3014703,0,1,0,0,2,1,1,1,0,0,0,0,1,0,0,0,0,0,0
44465843,3014703,2162703,3014703,0,1,0,0,2,1,1,1,0,0,0,0,1,0,0,0,0,0,0
45475549,3014703,2162703,3014703,0,1,0,0,2,1,1,1,0,0,0,0,1,0,0,0,0,0,0
46478440,3014703,2162703,3014703,0,1,0,0,2,1,1,1,0,0,0,0,1,0,0,0,0,0,0
47490343,3014703,2162703,3014703,0,1,0,0,2,1,1,1,0,0,0,0,1,0,0,0,0,0,0
48499842,3014703,2162703,3014703,0,1,0,0,2,1,1,1,0,0,0,0,1,0,0,0,0,0,0
49504652,3014703,2162703,3014703,0,1,0,0,2,1,1,1,0,0,0,0,1,0,0,0,0,0,0
50508726,3014703,2162703,3014703,0,1,0,0,2,1,1,1,0,0,0,0,1,0,0,0,0,0,0
51518501,3014703,2162703,3014703,0,1,0,0,2,1,1,1,0,0,0,0,1,0,0,0,0,0,0
52523799,3014703,2162703,3014703,0,1,0,0,2,1,1,1,0,0,0,0,1,0,0,0,0,0,0
53529689,3014703,2162703,3014703,0,1,0,0,2,1,1,1,0,0,0,0,1,0,0,0,0,0,0
54540014,3014703,2162703,3014703,0,1,0,0,2,1,1,1,0,0,0,0,1,0,0,0,0,0,0
55544740,3014703,2162703,3014703,0,1,0,0,2,1,1,1,0,0,0,0,1,0,0,0,0,0,0
56554902,3014703,2162703,3014703,0,1,0,0,2,1,1,1,0,0,0,0,1,0,0,0,0,0,0
57556093,3014703,2162703,3014703,0,1,0,0,2,1,1,1,0,0,0,0,1,0,0,0,0,0,0
58564233,3014703,2162703,3014703,0,1,0,0,2,1,1,1,0,0,0,0,1,0,0,0,0,0,0
59570402,3014703,2162703,3014703,0,1,0,0,2,1,1,1,0,0,0,0,1,0,0,0,0,0,0
60574258,3014703,2162703,3014703,0,1,0,0,2,1,1,1,0,0,0,0,1,0,0,0,0,0,0
61579816,3014703,2162703,3014703,0,1,0,0,2,1,1,1,0,0,0,0,1,0,0,0,0,0,0
62589829,3014703,2162703,3014703,0,1,0,0,2,1,1,1,0,0,0,0,1,0,0,0,0,0,0
63598694,3014703,2162703,3014703,0,1,0,0,2,1,1,1,0,0,0,0,1,0,0,0,0,0,0
64605649,3014703,2162703,3014703,0,1,0,0,2,1,1,1,0,0,0,0,1,0,0,0,0,0,0
65607001,3014703,2162703,3014703,0,1,0,0,2,1,1,1,0,0,0,0,1,0,0,0,0,0,0
66613494,3014703,2162703,3014703,0,1,0,0,2,1,1,1,0,0,0,0,1,0,0,0,0,0,0
67621730,3014703,2162703,3014703,0,1,0,0,2,1,1,1,0,0,0,0,1,0,0,0,0,0,0
68624599,3014703,2162703,3014703,0,1,0,0,2,1,1,1,0,0,0,0,1,0,0,0,0,0,0
69631156,3014703,2162703,3014703,0,1,0,0,2,1,1,1,0,0,0,0,1,0,0,0,0,0,0
70636108,3014703,2162703,3014703,0,1,0,0,2,1,1,1,0,0,0,0,1,0,0,0,0,0,0
71636853,3014703,2162703,3014703,0,1,0,0,2,1,1,1,0,0,0,0,1,0,0,0,0,0,0
72641749,3014703,2162703,3014703,0,1,0,0,2,1,1,1,0,0,0,0,1,0,0,0,0,0,0
73643122,3014703,2162703,3014703,0,1,0,0,2,1,1,1,0,0,0,0,1,0,0,0,0,0,0
74651408,3014703,2162703,3014703,0,1,0,0,2,1,1,1,0,0,0,0,1,0,0,0,0,0,0
75655306,3014703,2162703,3014703,0,1,0,0,2,1,1,1,0,0,0,0,1,0,0,0,0,0,0
76657617,3014703,2162703,3014703,0,1,0,0,2,1,1,1,0,0,0,0,1,0,0,0,0,0,0
77667503,3014703,2162703,3014703,0,1,0,0,2,1,1,1,0,0,0,0,1,0,0,0,0,0,0
78675901,3014703,2162703,3014703,0,1,0,0,2,1,1,1,0,0,0,0,1,0,0,0,0,0,0
79681540,3014703,2162703,3014703,0,1,0,0,2,1,1,1,0,0,0,0,1,0,0,0,0,0,0
80681735,3014703,2162703,3014703,0,1,0,0,2,1,1,1,0,0,0,0,1,0,0,0,0,0,0
81682734,3014703,2162703,3014703,0,1,0,0,2,1,1,1,0,0,0,0,1,0,0,0,0,0,0
82684918,3014703,2162703,3014703,0,1,0,0,2,1,1,1,0,0,0,0,1,0,0,0,0,0,0
83694641,3014703,2162703,3014703,0,1,0,0,2,1,1,1,0,0,0,0,1,0,0,0,0,0,0
84704982,3014703,2162703,3014703,0,1,0,0,2,1,1,1,0,0,0,0,1,0,0,0,0,0,0
85714345,3014703,2162703,3014703,0,1,0,0,2,1,1,1,0,0,0,0,1,0,0,0,0,0,0
86716078,3014703,2162703,3014703,0,1,0,0,2,1,1,1,0,0,0,0,1,0,0,0,0,0,0
87716631,3014703,2162703,3014703,0,1,0,0,2,1,1,1,0,0,0,0,1,0,0,0,0,0,0
88717654,3014703,2162703,3014703,0,1,0,0,2,1,1,1,0,0,0,0,1,0,0,0,0,0,0
89723873,3014703,2162703,3014703,0,1,0,0,2,1,1,1,0,0,0,0,1,0,0,0,0,0,0
90724160,3014703,2162703,3014703,0,1,0,0,2,1,1,1,0,0,0,0,1,0,0,0,0,0,0
91724730,3014703,2162703,3014703,0,1,0,0,2,1,1,1,0,0,0,0,1,0,0,0,0,0,0
92731924,3014703,2162703,3014703,0,1,0,0,2,1,1,1,0,0,0,0,1,0,0,0,0,0,0
93736874,3014703,2162703,3014703,0,1,0,0,2,1,1,1,0,0,0,0,1,0,0,0,0,0,0
94745621,3014703,2162703,3014703,0,1,0,0,2,1,1,1,0,0,0,0,1,0,0,0,0,0,0
95750271,3014703,2162703,3014703,0,1,0,0,2,1,1,1,0,0,0,0,1,0,0,0,0,0,0
96751918,3014703,2162703,3014703,0,1,0,0,2,1,1,1,0,0,0,0,1,0,0,0,0,0,0
97757857,3014703,2162703,3014703,0,1,0,0,2,1,1,1,0,0,0,0,1,0,0,0,0,0,0
98760621,3014703,2162703,3014703,0,1,0,0,2,1,1,1,0,0,0,0,1,0,0,0,0,0,0
99770653,3014703,2162703,3014703,0,1,0,0,2,1,1,1,0,0,0,0,1,0,0,0,0,0,0
100777927,3014703,2162703,3014703,0,1,0,0,2,1,1,1,0,0,0,0,1,0,0,0,0,0,0
101786296,3014703,2162703,3014703,0,1,0,0,2,1,1,1,0,0,0,0,1,0,0,0,0,0,0
102789711,3014703,2162703,3014703,0,1,0,0,2,1,1,1,0,0,0,0,1,0,0,0,0,0,0
103799801,3014703,2162703,3014703,0,1,0,0,2,1,1,1,0,0,0,0,1,0,0,0,0,0,0
104810342,3014703,2162703,3014703,0,1,0,0,2,1,1,1,0,0,0,0,1,0,0,0,0,0,0
105821666,3014703,2162703,3014703,0,1,0,0,2,1,1,1,0,0,0,0,1,0,0,0,0,0,0
106823502,3014703,2162703,3014703,0,1,0,0,2,1,1,1,0,0,0,0,1,0,0,0,0,0,0
107823584,3014703,2162703,3014703,0,1,0,0,2,1,1,1,0,0,0,0,1,0,0,0,0,0,0
108832786,3014703,2162703,3014703,0,1,0,0,2,1,1,1,0,0,0,0,1,0,0,0,0,0,0
109834524,3014703,2162703,3014703,0,1,0,0,2,1,1,1,0,0,0,0,1,0,0,0,0,0,0
110844809,3014703,2162703,3014703,0,1,0,0,2,1,1,1,0,0,0,0,1,0,0,0,0,0,0
111855479,3014703,2162703,3014703,0,1,0,0,2,1,1,1,0,0,0,0,1,0,0,0,0,0,0
112858587,3014703,2162703,3014703,0,1,0,0,2,1,1,1,0,0,0,0,1,0,0,0,0,0,0
113864892,3014703,2162703,3014703,0,1,0,0,2,1,1,1,0,0,0,0,1,0,0,0,0,0,0
114875540,3014703,2162703,3014703,0,1,0,0,2,1,1,1,0,0,0,0,1,0,0,0,0,0,0
115882613,3014703,2162703,3014703,0,1,0,0,2,1,1,1,0,0,0,0,1,0,0,0,0,0,0
116889655,3014703,2162703,3014703,0,1,0,0,2,1,1,1,0,0,0,0,1,0,0,0,0,0,0
117896649,3014703,2162703,3014703,0,1,0,0,2,1,1,1,0,0,0,0,1,0,0,0,0,0,0
118906501,3014703,2162703,3014703,0,1,0,0,2,1,1,1,0,0,0,0,1,0,0,0,0,0,0
119915235,3014703,2162703,3014703,0,1,0,0,2,1,1,1,0,0,0,0,1,0,0,0,0,0,0
120915501,3014703,2162703,3014703,0,1,0,0,2,1,1,1,0,0,0,0,1,0,0,0,0,0,0
121915830,3014703,2162703,3014703,0,1,0,0,2,1,1,1,0,0,0,0,1,0,0,0,0,0,0
122923545,3014703,2162703,3014703,0,1,0,0,2,1,1,1,0,0,0,0,1,0,0,0,0,0,0
123933621,3014703,2162703,3014703,0,1,0,0,2,1,1,1,0,0,0,0,1,0,0,0,0,0,0
124934536,3014703,2162703,3014703,0,1,0,0,2,1,1,1,0,0,0,0,1,0,0,0,0,0,0
125938725,3014703,2162703,3014703,0,1,0,0,2,1,1,1,0,0,0,0,1,0,0,0,0,0,0
126949901,3014703,2162703,3014703,0,1,0,0,2,1,1,1,0,0,0,0,1,0,0,0,0,0,0
127960755,3014703,2162703,3014703,0,1,0,0,2,1,1,1,0,0,0,0,1,0,0,0,0,0,0
128965653,3014703,2162703,3014703,0,1,0,0,2,1,1,1,0,0,0,0,1,0,0,0,0,0,0
129969089,3014703,2162703,3014703,0,1,0,0,2,1,1,1,0,0,0,0,1,0,0,0,0,0,0
130979969,3014703,2162703,3014703,0,1,0,0,2,1,1,1,0,0,0,0,1,0,0,0,0,0,0
131989678,3014703,2162703,3014703,0,1,0,0,2,1,1,1,0,0,0,0,1,0,0,0,0,0,0
133000695,3014703,2162703,3014703,0,1,0,0,2,1,1,1,0,0,0,0,1,0,0,0,0,0,0
134002480,3014703,2162703,3014703,0,1,0,0,2,1,1,1,0,0,0,0,1,0,0,0,0,0,0
135006501,3014703,2162703,3014703,0,1,0,0,2,1,1,1,0,0,0,0,1,0,0,0,0,0,0
136009499,3014703,2162703,3014703,0,1,0,0,2,1,1,1,0,0,0,0,1,0,0,0,0,0,0
137014304,3014703,2162703,3014703,0,1,0,0,2,1,1,1,0,0,0,0,1,0,0,0,0,0,0
138018233,3014703,2162703,3014703,0,1,0,0,2,1,1,1,0,0,0,0,1,0,0,0,0,0,0
139018607,3014703,2162703,3014703,0,1,0,0,2,1,1,1,0,0,0,0,1,0,0,0,0,0,0
140021535,3014703,2162703,3014703,0,1,0,0,2,1,1,1,0,0,0,0,1,0,0,0,0,0,0
141033410,3014703,2162703,3014703,0,1,0,0,2,1,1,1,0,0,0,0,1,0,0,0,0,0,0
142037755,3014703,2162703,3014703,0,1,0,0,2,1,1,1,0,0,0,0,1,0,0,0,0,0,0
143043662,3014703,2162703,3014703,0,1,0,0,2,1,1,1,0,0,0,0,1,0,0,0,0,0,0
144049019,3014703,2162703,3014703,0,1,0,0,2,1,1,1,0,0,0,0,1,0,0,0,0,0,0
146066535,3014703,2162703,3014703,0,1,0,0,2,1,1,1,0,0,0,0,1,0,0,0,0,0,0
147075544,3014703,2162703,3014703,0,1,0,0,2,1,1,1,0,0,0,0,1,0,0,0,0,0,0
148083502,3014703,2162703,3014703,0,1,0,0,2,1,1,1,0,0,0,0,1,0,0,0,0,0,0
149088176,3014703,2162703,3014703,0,1,0,0,2,1,1,1,0,0,0,0,1,0,0,0,0,0,0
150094624,3014703,2162703,3014703,0,1,0,0,2,1,1,1,0,0,0,0,1,0,0,0,0,0,0
151100350,3014703,2162703,3014703,0,1,0,0,2,1,1,1,0,0,0,0,1,0,0,0,0,0,0
152105749,3014703,2162703,3014703,0,1,0,0,2,1,1,1,0,0,0,0,1,0,0,0,0,0,0
153113019,3014703,2162703,3014703,0,1,0,0,2,1,1,1,0,0,0,0,1,0,0,0,0,0,0
154121445,3014703,2162703,3014703,0,1,0,0,2,1,1,1,0,0,0,0,1,0,0,0,0,0,0
155129785,3014703,2162703,3014703,0,1,0,0,2,1,1,1,0,0,0,0,1,0,0,0,0,0,0
156129788,3014703,2162703,3014703,0,1,0,0,2,1,1,1,0,0,0,0,1,0,0,0,0,0,0
157133541,3014703,2162703,3014703,0,1,0,0,2,1,1,1,0,0,0,0,1,0,0,0,0,0,0
158138370,3014703,2162703,3014703,0,1,0,0,2,1,1,1,0,0,0,0,1,0,0,0,0,0,0
159144624,3014703,2162703,3014703,0,1,0,0,2,1,1,1,0,0,0,0,1,0,0,0,0,0,0
160154703,3014703,2162703,3014703,0,1,0,0,2,1,1,1,0,0,0,0,1,0,0,0,0,0,0
161157958,3014703,2162703,3014703,0,1,0,0,2,1,1,1,0,0,0,0,1,0,0,0,0,0,0
162165584,3014703,2162703,3014703,0,1,0,0,2,1,1,1,0,0,0,0,1,0,0,0,0,0,0
163175553,3014703,2162703,3014703,0,1,0,0,2,1,1,1,0,0,0,0,1,0,0,0,0,0,0
164178543,3014703,2162703,3014703,0,1,0,0,2,1,1,1,0,0,0,0,1,0,0,0,0,0,0
165189948,3014703,2162703,3014703,0,1,0,0,2,1,1,1,0,0,0,0,1,0,0,0,0,0,0
166194595,3014703,2162703,3014703,0,1,0,0,2,1,1,1,0,0,0,0,1,0,0,0,0,0,0
167200906,3014703,2162703,3014703,0,1,0,0,2,1,1,1,0,0,0,0,1,0,0,0,0,0,0
168209480,3014703,2162703,3014703,0,1,0,0,2,1,1,1,0,0,0,0,1,0,0,0,0,0,0
169218324,3014703,2162703,3014703,0,1,0,0,2,1,1,1,0,0,0,0,1,0,0,0,0,0,0
170226670,3014703,2162703,3014703,0,1,0,0,2,1,1,1,0,0,0,0,1,0,0,0,0,0,0
171229876,3014703,2162703,3014703,0,1,0,0,2,1,1,1,0,0,0,0,1,0,0,0,0,0,0
172231814,3014703,2162703,3014703,0,1,0,0,2,1,1,1,0,0,0,0,1,0,0,0,0,0,0
173235731,3014703,2162703,3014703,0,1,0,0,2,1,1,1,0,0,0,0,1,0,0,0,0,0,0
174241636,3014703,2162703,3014703,0,1,0,0,2,1,1,1,0,0,0,0,1,0,0,0,0,0,0
175242571,3014703,2162703,3014703,0,1,0,0,2,1,1,1,0,0,0,0,1,0,0,0,0,0,0
176243499,3014703,2162703,3014703,0,1,0,0,2,1,1,1,0,0,0,0,1,0,0,0,0,0,0
177245684,3014703,2162703,3014703,0,1,0,0,2,1,1,1,0,0,0,0,1,0,0,0,0,0,0
178256204,3014703,2162703,3014703,0,1,0,0,2,1,1,1,0,0,0,0,1,0,0,0,0,0,0
179256808,3014703,2162703,3014703,0,1,0,0,2,1,1,1,0,0,0,0,1,0,0,0,0,0,0
180261764,3014703,2162703,3014703,0,1,0,0,2,1,1,1,0,0,0,0,1,0,0,0,0,0,0
181265630,3014703,2162703,3014703,0,1,0,0,2,1,1,1,0,0,0,0,1,0,0,0,0,0,0
182273640,3014703,2162703,3014703,0,1,0,0,2,1,1,1,0,0,0,0,1,0,0,0,0,0,0
183283536,3014703,2162703,3014703,0,1,0,0,2,1,1,1,0,0,0,0,1,0,0,0,0,0,0
184287894,3014703,2162703,3014703,0,1,0,0,2,1,1,1,0,0,0,0,1,0,0,0,0,0,0
185294565,3014703,2162703,3014703,0,1,0,0,2,1,1,1,0,0,0,0,1,0,0,0,0,0,0
186297581,3014703,2162703,3014703,0,1,0,0,2,1,1,1,0,0,0,0,1,0,0,0,0,0,0
187301721,3014703,2162703,3014703,0,1,0,0,2,1,1,1,0,0,0,0,1,0,0,0,0,0,0
188313964,3014703,2162703,3014703,0,1,0,0,2,1,1,1,0,0,0,0,1,0,0,0,0,0,0
189320304,3014703,2162703,3014703,0,1,0,0,2,1,1,1,0,0,0,0,1,0,0,0,0,0,0
190321858,3014703,2162703,3014703,0,1,0,0,2,1,1,1,0,0,0,0,1,0,0,0,0,0,0
191331866,3014703,2162703,3014703,0,1,0,0,2,1,1,1,0,0,0,0,1,0,0,0,0,0,0
192338559,3014703,2162703,3014703,0,1,0,0,2,1,1,1,0,0,0,0,1,0,0,0,0,0,0
193340721,3014703,2162703,3014703,0,1,0,0,2,1,1,1,0,0,0,0,1,0,0,0,0,0,0
194351234,3014703,2162703,3014703,0,1,0,0,2,1,1,1,0,0,0,0,1,0,0,0,0,0,0
195351901,3014703,2162703,3014703,0,1,0,0,2,1,1,1,0,0,0,0,1,0,0,0,0,0,0
196358368,3014703,2162703,3014703,0,1,0,0,2,1,1,1,0,0,0,0,1,0,0,0,0,0,0
197365579,3014703,2162703,3014703,0,1,0,0,2,1,1,1,0,0,0,0,1,0,0,0,0,0,0
198371556,3014703,2162703,3014703,0,1,0,0,2,1,1,1,0,0,0,0,1,0,0,0,0,0,0
199382394,3014703,2162703,3014703,0,1,0,0,2,1,1,1,0,0,0,0,1,0,0,0,0,0,0
200384122,3014703,2162703,3014703,0,1,0,0,2,1,1,1,0,0,0,0,1,0,0,0,0,0,0
201389774,3014703,2162703,3014703,0,1,0,0,2,1,1,1,0,0,0,0,1,0,0,0,0,0,0
202401711,3014703,2162703,3014703,0,1,0,0,2,1,1,1,0,0,0,0,1,0,0,0,0,0,0
203402538,3014703,2162703,3014703,0,1,0,0,2,1,1,1,0,0,0,0,1,0,0,0,0,0,0
204415281,3014703,2162703,3014703,0,1,0,0,2,1,1,1,0,0,0,0,1,0,0,0,0,0,0
205425594,3014703,2162703,3014703,0,1,0,0,2,1,1,1,0,0,0,0,1,0,0,0,0,0,0
206434515,3014703,2162703,3014703,0,1,0,0,2,1,1,1,0,0,0,0,1,0,0,0,0,0,0
207434529,3014703,2162703,3014703,0,1,0,0,2,1,1,1,0,0,0,0,1,0,0,0,0,0,0
208438586,3014703,2162703,3014703,0,1,0,0,2,1,1,1,0,0,0,0,1,0,0,0,0,0,0
209440013,3014703,2162703,3014703,0,1,0,0,2,1,1,1,0,0,0,0,1,0,0,0,0,0,0
210443853,3014703,2162703,3014703,0,1,0,0,2,1,1,1,0,0,0,0,1,0,0,0,0,0,0
211453618,3014703,2162703,3014703,0,1,0,0,2,1,1,1,0,0,0,0,1,0,0,0,0,0,0
212457617,3014703,2162703,3014703,0,1,0,0,2,1,1,1,0,0,0,0,1,0,0,0,0,0,0
213463550,3014703,2162703,3014703,0,1,0,0,2,1,1,1,0,0,0,0,1,0,0,0,0,0,0
214464938,3014703,2162703,3014703,0,1,0,0,2,1,1,1,0,0,0,0,1,0,0,0,0,0,0
215471507,3014703,2162703,3014703,0,1,0,0,2,1,1,1,0,0,0,0,1,0,0,0,0,0,0
216476852,3014703,2162703,3014703,0,1,0,0,2,1,1,1,0,0,0,0,1,0,0,0,0,0,0
217483469,3014703,2162703,3014703,0,1,0,0,2,1,1,1,0,0,0,0,1,0,0,0,0,0,0
218490583,3014703,2162703,3014703,0,1,0,0,2,1,1,1,0,0,0,0,1,0,0,0,0,0,0
219494908,3014703,2162703,3014703,0,1,0,0,2,1,1,1,0,0,0,0,1,0,0,0,0,0,0
220498608,3014703,2162703,3014703,0,1,0,0,2,1,1,1,0,0,0,0,1,0,0,0,0,0,0
221502678,3014703,2162703,3014703,0,1,0,0,2,1,1,1,0,0,0,0,1,0,0,0,0,0,0
222511533,3014703,2162703,3014703,0,1,0,0,2,1,1,1,0,0,0,0,1,0,0,0,0,0,0
223511839,3014703,2162703,3014703,0,1,0,0,2,1,1,1,0,0,0,0,1,0,0,0,0,0,0
224522503,3014703,2162703,3014703,0,1,0,0,2,1,1,1,0,0,0,0,1,0,0,0,0,0,0
225529498,3014703,2162703,3014703,0,1,0,0,2,1,1,1,0,0,0,0,1,0,0,0,0,0,0
226539821,3014703,2162703,3014703,0,1,0,0,2,1,1,1,0,0,0,0,1,0,0,0,0,0,0
227541781,3014703,2162703,3014703,0,1,0,0,2,1,1,1,0,0,0,0,1,0,0,0,0,0,0
228548739,3014703,2162703,3014703,0,1,0,0,2,1,1,1,0,0,0,0,1,0,0,0,0,0,0
229554486,3014703,2162703,3014703,0,1,0,0,2,1,1,1,0,0,0,0,1,0,0,0,0,0,0
230556586,3014703,2162703,3014703,0,1,0,0,2,1,1,1,0,0,0,0,1,0,0,0,0,0,0
231562536,3014703,2162703,3014703,0,1,0,0,2,1,1,1,0,0,0,0,1,0,0,0,0,0,0
232571817,3014703,2162703,3014703,0,1,0,0,2,1,1,1,0,0,0,0,1,0,0,0,0,0,0
233573623,3014703,2162703,3014703,0,1,0,0,2,1,1,1,0,0,0,0,1,0,0,0,0,0,0
234578992,3014703,2162703,3014703,0,1,0,0,2,1,1,1,0,0,0,0,1,0,0,0,0,0,0
235586472,3014703,2162703,3014703,0,1,0,0,2,1,1,1,0,0,0,0,1,0,0,0,0,0,0
236596339,3014703,2162703,3014703,0,1,0,0,2,1,1,1,0,0,0,0,1,0,0,0,0,0,0
237606983,3014703,2162703,3014703,0,1,0,0,2,1,1,1,0,0,0,0,1,0,0,0,0,0,0
238613882,3014703,2162703,3014703,0,1,0,0,2,1,1,1,0,0,0,0,1,0,0,0,0,0,0
239616749,3014703,2162703,3014703,0,1,0,0,2,1,1,1,0,0,0,0,1,0,0,0,0,0,0
240624731,3014703,2162703,3014703,0,1,0,0,2,1,1,1,0,0,0,0,1,0,0,0,0,0,0
241629643,3014703,2162703,3014703,0,1,0,0,2,1,1,1,0,0,0,0,1,0,0,0,0,0,0
242630600,3014703,2162703,3014703,0,1,0,0,2,1,1,1,0,0,0,0,1,0,0,0,0,0,0
243633719,3014703,2162703,3014703,0,1,0,0,2,1,1,1,0,0,0,0,1,0,0,0,0,0,0
244635546,3014703,2162703,3014703,0,1,0,0,2,1,1,1,0,0,0,0,1,0,0,0,0,0,0
245635709,3014703,2162703,3014703,0,1,0,0,2,1,1,1,0,0,0,0,1,0,0,0,0,0,0
246638604,3014703,2162703,3014703,0,1,0,0,2,1,1,1,0,0,0,0,1,0,0,0,0,0,0
247646627,3014703,2162703,3014703,0,1,0,0,2,1,1,1,0,0,0,0,1,0,0,0,0,0,0
248655068,3014703,2162703,3014703,0,1,0,0,2,1,1,1,0,0,0,0,1,0,0,0,0,0,0
249658534,3014703,2162703,3014703,0,1,0,0,2,1,1,1,0,0,0,0,1,0,0,0,0,0,0
250662539,3014703,2162703,3014703,0,1,0,0,2,1,1,1,0,0,0,0,1,0,0,0,0,0,0
251672860,3014703,2162703,3014703,0,1,0,0,2,1,1,1,0,0,0,0,1,0,0,0,0,0,0
252681535,3014703,2162703,3014703,0,1,0,0,2,1,1,1,0,0,0,0,1,0,0,0,0,0,0
253686668,3014703,2162703,3014703,0,1,0,0,2,1,1,1,0,0,0,0,1,0,0,0,0,0,0
254695730,3014703,2162703,3014703,0,1,0,0,2,1,1,1,0,0,0,0,1,0,0,0,0,0,0
255697041,3014703,2162703,3014703,0,1,0,0,2,1,1,1,0,0,0,0,1,0,0,0,0,0,0
256706570,3014703,2162703,3014703,0,1,0,0,2,1,1,1,0,0,0,0,1,0,0,0,0,0,0
257706971,3014703,2162703,3014703,0,1,0,0,2,1,1,1,0,0,0,0,1,0,0,0,0,0,0
258708176,3014703,2162703,3014703,0,1,0,0,2,1,1,1,0,0,0,0,1,0,0,0,0,0,0
259718595,3014703,2162703,3014703,0,1,0,0,2,1,1,1,0,0,0,0,1,0,0,0,0,0,0
260719498,3014703,2162703,3014703,0,1,0,0,2,1,1,1,0,0,0,0,1,0,0,0,0,0,0
261722514,3014703,2162703,3014703,0,1,0,0,2,1,1,1,0,0,0,0,1,0,0,0,0,0,0
262728580,3014703,2162703,3014703,0,1,0,0,2,1,1,1,0,0,0,0,1,0,0,0,0,0,0
263734493,3014703,2162703,3014703,0,1,0,0,2,1,1,1,0,0,0,0,1,0,0,0,0,0,0
264735495,3014703,2162703,3014703,0,1,0,0,2,1,1,1,0,0,0,0,1,0,0,0,0,0,0
265741858,3014703,2162703,3014703,0,1,0,0,2,1,1,1,0,0,0,0,1,0,0,0,0,0,0
266749717,3014703,2162703,3014703,0,1,0,0,2,1,1,1,0,0,0,0,1,0,0,0,0,0,0
267754420,3014703,2162703,3014703,0,1,0,0,2,1,1,1,0,0,0,0,1,0,0,0,0,0,0
268760902,3014703,2162703,3014703,0,1,0,0,2,1,1,1,0,0,0,0,1,0,0,0,0,0,0
269770529,3014703,2162703,3014703,0,1,0,0,2,1,1,1,0,0,0,0,1,0,0,0,0,0,0
270770623,3014703,2162703,3014703,0,1,0,0,2,1,1,1,0,0,0,0,1,0,0,0,0,0,0
271772623,3014703,2162703,3014703,0,1,0,0,2,1,1,1,0,0,0,0,1,0,0,0,0,0,0
272784300,3014703,2162703,3014703,0,1,0,0,2,1,1,1,0,0,0,0,1,0,0,0,0,0,0
273788795,3014703,2162703,3014703,0,1,0,0,2,1,1,1,0,0,0,0,1,0,0,0,0,0,0
274796590,3014703,2162703,3014703,0,1,0,0,2,1,1,1,0,0,0,0,1,0,0,0,0,0,0
275805883,3014703,2162703,3014703,0,1,0,0,2,1,1,1,0,0,0,0,1,0,0,0,0,0,0
276809842,3014703,2162703,3014703,0,1,0,0,2,1,1,1,0,0,0,0,1,0,0,0,0,0,0
277814598,3014703,2162703,3014703,0,1,0,0,2,1,1,1,0,0,0,0,1,0,0,0,0,0,0
278825795,3014703,2162703,3014703,0,1,0,0,2,1,1,1,0,0,0,0,1,0,0,0,0,0,0
279834633,3014703,2162703,3014703,0,1,0,0,2,1,1,1,0,0,0,0,1,0,0,0,0,0,0
280835538,3014703,2162703,3014703,0,1,0,0,2,1,1,1,0,0,0,0,1,0,0,0,0,0,0
281840715,3014703,2162703,3014703,0,1,0,0,2,1,1,1,0,0,0,0,1,0,0,0,0,0,0
282846631,3014703,2162703,3014703,0,1,0,0,2,1,1,1,0,0,0,0,1,0,0,0,0,0,0
283857721,3014703,2162703,3014703,0,1,0,0,2,1,1,1,0,0,0,0,1,0,0,0,0,0,0
284864164,3014703,2162703,3014703,0,1,0,0,2,1,1,1,0,0,0,0,1,0,0,0,0,0,0
285870539,3014703,2162703,3014703,0,1,0,0,2,1,1,1,0,0,0,0,1,0,0,0,0,0,0
286877568,3014703,2162703,3014703,0,1,0,0,2,1,1,1,0,0,0,0,1,0,0,0,0,0,0
287879267,3014703,2162703,3014703,0,1,0,0,2,1,1,1,0,0,0,0,1,0,0,0,0,0,0
288883433,3014703,2162703,3014703,0,1,0,0,2,1,1,1,0,0,0,0,1,0,0,0,0,0,0
289893727,3014703,2162703,3014703,0,1,0,0,2,1,1,1,0,0,0,0,1,0,0,0,0,0,0
290899334,3014703,2162703,3014703,0,1,0,0,2,1,1,1,0,0,0,0,1,0,0,0,0,0,0
291902108,3014703,2162703,3014703,0,1,0,0,2,1,1,1,0,0,0,0,1,0,0,0,0,0,0
292904049,3014703,2162703,3014703,0,1,0,0,2,1,1,1,0,0,0,0,1,0,0,0,0,0,0
293913537,3014703,2162703,3014703,0,1,0,0,2,1,1,1,0,0,0,0,1,0,0,0,0,0,0
294917545,3014703,2162703,3014703,0,1,0,0,2,1,1,1,0,0,0,0,1,0,0,0,0,0,0
295921133,3014703,2162703,3014703,0,1,0,0,2,1,1,1,0,0,0,0,1,0,0,0,0,0,0
296924675,3014703,2162703,3014703,0,1,0,0,2,1,1,1,0,0,0,0,1,0,0,0,0,0,0
297932658,3014703,2162703,3014703,0,1,0,0,2,1,1,1,0,0,0,0,1,0,0,0,0,0,0
298941066,3014703,2162703,3014703,0,1,0,0,2,1,1,1,0,0,0,0,1,0,0,0,0,0,0
299943238,3014703,2162703,3014703,0,1,0,0,2,1,1,1,0,0,0,0,1,0,0,0,0,0,0
300950247,3014703,2162703,3014703,0,1,0,0,2,1,1,1,0,0,0,0,1,0,0,0,0,0,0
301959829,3014703,2162703,3014703,0,1,0,0,2,1,1,1,0,0,0,0,1,0,0,0,0,0,0
302960771,3014703,2162703,3014703,0,1,0,0,2,1,1,1,0,0,0,0,1,0,0,0,0,0,0
303971050,3014703,2162703,3014703,0,1,0,0,2,1,1,1,0,0,0,0,1,0,0,0,0,0,0
304976719,3014703,2162703,3014703,0,1,0,0,2,1,1,1,0,0,0,0,1,0,0,0,0,0,0
305979498,3014703,2162703,3014703,0,1,0,0,2,1,1,1,0,0,0,0,1,0,0,0,0,0,0
306986391,3014703,2162703,3014703,0,1,0,0,2,1,1,1,0,0,0,0,1,0,0,0,0,0,0
307992034,3014703,2162703,3014703,0,1,0,0,2,1,1,1,0,0,0,0,1,0,0,0,0,0,0
309000575,3014703,2162703,3014703,0,1,0,0,2,1,1,1,0,0,0,0,1,0,0,0,0,0,0
310003074,3014703,2162703,3014703,0,1,0,0,2,1,1,1,0,0,0,0,1,0,0,0,0,0,0
311004202,3014703,2162703,3014703,0,1,0,0,2,1,1,1,0,0,0,0,1,0,0,0,0,0,0
312008579,3014703,2162703,3014703,0,1,0,0,2,1,1,1,0,0,0,0,1,0,0,0,0,0,0
313013151,3014703,2162703,3014703,0,1,0,0,2,1,1,1,0,0,0,0,1,0,0,0,0,0,0
314020769,3014703,2162703,3014703,0,1,0,0,2,1,1,1,0,0,0,0,1,0,0,0,0,0,0
315023501,3014703,2162703,3014703,0,1,0,0,2,1,1,1,0,0,0,0,1,0,0,0,0,0,0
316023501,3014703,2162703,3014703,0,1,0,0,2,1,1,1,0,0,0,0,1,0,0,0,0,0,0
317032053,3014703,2162703,3014703,0,1,0,0,2,1,1,1,0,0,0,0,1,0,0,0,0,0,0
318034189,3014703,2162703,3014703,0,1,0,0,2,1,1,1,0,0,0,0,1,0,0,0,0,0,0
319044602,3014703,2162703,3014703,0,1,0,0,2,1,1,1,0,0,0,0,1,0,0,0,0,0,0
320050367,3014703,2162703,3014703,0,1,0,0,2,1,1,1,0,0,0,0,1,0,0,0,0,0,0
321058533,3014703,2162703,3014703,0,1,0,0,2,1,1,1,0,0,0,0,1,0,0,0,0,0,0
322067739,3014703,2162703,3014703,0,1,0,0,2,1,1,1,0,0,0,0,1,0,0,0,0,0,0
323078622,3014703,2162703,3014703,0,1,0,0,2,1,1,1,0,0,0,0,1,0,0,0,0,0,0
324079810,3014703,2162703,3014703,0,1,0,0,2,1,1,1,0,0,0,0,1,0,0,0,0,0,0
325084951,3014703,2162703,3014703,0,1,0,0,2,1,1,1,0,0,0,0,1,0,0,0,0,0,0
326092718,3014703,2162703,3014703,0,1,0,0,2,1,1,1,0,0,0,0,1,0,0,0,0,0,0
327093498,3014703,2162703,3014703,0,1,0,0,2,1,1,1,0,0,0,0,1,0,0,0,0,0,0
328103820,3014703,2162703,3014703,0,1,0,0,2,1,1,1,0,0,0,0,1,0,0,0,0,0,0
329104748,3014703,2162703,3014703,0,1,0,0,2,1,1,1,0,0,0,0,1,0,0,0,0,0,0
330109840,3014703,2162703,3014703,0,1,0,0,2,1,1,1,0,0,0,0,1,0,0,0,0,0,0
331110503,3014703,2162703,3014703,0,1,0,0,2,1,1,1,0,0,0,0,1,0,0,0,0,0,0
332119430,3014703,2162703,3014703,0,1,0,0,2,1,1,1,0,0,0,0,1,0,0,0,0,0,0
333119542,3014703,2162703,3014703,0,1,0,0,2,1,1,1,0,0,0,0,1,0,0,0,0,0,0
334120146,3014703,2162703,3014703,0,1,0,0,2,1,1,1,0,0,0,0,1,0,0,0,0,0,0
335126438,3014703,2162703,3014703,0,1,0,0,2,1,1,1,0,0,0,0,1,0,0,0,0,0,0
336126557,3014703,2162703,3014703,0,1,0,0,2,1,1,1,0,0,0,0,1,0,0,0,0,0,0
337127545,3014703,2162703,3014703,0,1,0,0,2,1,1,1,0,0,0,0,1,0,0,0,0,0,0
338138410,3014703,2162703,3014703,0,1,0,0,2,1,1,1,0,0,0,0,1,0,0,0,0,0,0
339144784,3014703,2162703,3014703,0,1,0,0,2,1,1,1,0,0,0,0,1,0,0,0,0,0,0
340147141,3014703,2162703,3014703,0,1,0,0,2,1,1,1,0,0,0,0,1,0,0,0,0,0,0
341157895,3014703,2162703,3014703,0,1,0,0,2,1,1,1,0,0,0,0,1,0,0,0,0,0,0
342165647,3014703,2162703,3014703,0,1,0,0,2,1,1,1,0,0,0,0,1,0,0,0,0,0,0
343172585,3014703,2162703,3014703,0,1,0,0,2,1,1,1,0,0,0,0,1,0,0,0,0,0,0
344182415,3014703,2162703,3014703,0,1,0,0,2,1,1,1,0,0,0,0,1,0,0,0,0,0,0
345186497,3014703,2162703,3014703,0,1,0,0,2,1,1,1,0,0,0,0,1,0,0,0,0,0,0
346192001,3014703,2162703,3014703,0,1,0,0,2,1,1,1,0,0,0,0,1,0,0,0,0,0,0
347194732,3014703,2162703,3014703,0,1,0,0,2,1,1,1,0,0,0,0,1,0,0,0,0,0,0
348205627,3014703,2162703,3014703,0,1,0,0,2,1,1,1,0,0,0,0,1,0,0,0,0,0,0
349213592,3014703,2162703,3014703,0,1,0,0,2,1,1,1,0,0,0,0,1,0,0,0,0,0,0
350215539,3014703,2162703,3014703,0,1,0,0,2,1,1,1,0,0,0,0,1,0,0,0,0,0,0
351224649,3014703,2162703,3014703,0,1,0,0,2,1,1,1,0,0,0,0,1,0,0,0,0,0,0
352225498,3014703,2162703,3014703,0,1,0,0,2,1,1,1,0,0,0,0,1,0,0,0,0,0,0
353236330,3014703,2162703,3014703,0,1,0,0,2,1,1,1,0,0,0,0,1,0,0,0,0,0,0
354241608,3014703,2162703,3014703,0,1,0,0,2,1,1,1,0,0,0,0,1,0,0,0,0,0,0
355252723,3014703,2162703,3014703,0,1,0,0,2,1,1,1,0,0,0,0,1,0,0,0,0,0,0
356253728,3014703,2162703,3014703,0,1,0,0,2,1,1,1,0,0,0,0,1,0,0,0,0,0,0
357261625,3014703,2162703,3014703,0,1,0,0,2,1,1,1,0,0,0,0,1,0,0,0,0,0,0
358270963,3014703,2162703,3014703,0,1,0,0,2,1,1,1,0,0,0,0,1,0,0,0,0,0,0
359277444,3014703,2162703,3014703,0,1,0,0,2,1,1,1,0,0,0,0,1,0,0,0,0,0,0
360282543,3014703,2162703,3014703,0,1,0,0,2,1,1,1,0,0,0,0,1,0,0,0,0,0,0
361289378,3014703,2162703,3014703,0,1,0,0,2,1,1,1,0,0,0,0,1,0,0,0,0,0,0
362298573,3014703,2162703,3014703,0,1,0,0,2,1,1,1,0,0,0,0,1,0,0,0,0,0,0
363306620,3014703,2162703,3014703,0,1,0,0,2,1,1,1,0,0,0,0,1,0,0,0,0,0,0
364312667,3014703,2162703,3014703,0,1,0,0,2,1,1,1,0,0,0,0,1,0,0,0,0,0,0
365318738,3014703,2162703,3014703,0,1,0,0,2,1,1,1,0,0,0,0,1,0,0,0,0,0,0
366323504,3014703,2162703,3014703,0,1,0,0,2,1,1,1,0,0,0,0,1,0,0,0,0,0,0
367332558,3014703,2162703,3014703,0,1,0,0,2,1,1,1,0,0,0,0,1,0,0,0,0,0,0
368339383,3014703,2162703,3014703,0,1,0,0,2,1,1,1,0,0,0,0,1,0,0,0,0,0,0
369341498,3014703,2162703,3014703,0,1,0,0,2,1,1,1,0,0,0,0,1,0,0,0,0,0,0
370352006,3014703,2162703,3014703,0,1,0,0,2,1,1,1,0,0,0,0,1,0,0,0,0,0,0
371361825,3014703,2162703,3014703,0,1,0,0,2,1,1,1,0,0,0,0,1,0,0,0,0,0,0
372369498,3014703,2162703,3014703,0,1,0,0,2,1,1,1,0,0,0,0,1,0,0,0,0,0,0
373374740,3014703,2162703,3014703,0,1,0,0,2,1,1,1,0,0,0,0,1,0,0,0,0,0,0
374377586,3014703,2162703,3014703,0,1,0,0,2,1,1,1,0,0,0,0,1,0,0,0,0,0,0
375378996,3014703,2162703,3014703,0,1,0,0,2,1,1,1,0,0,0,0,1,0,0,0,0,0,0
376389799,3014703,2162703,3014703,0,1,0,0,2,1,1,1,0,0,0,0,1,0,0,0,0,0,0
377391243,3014703,2162703,3014703,0,1,0,0,2,1,1,1,0,0,0,0,1,0,0,0,0,0,0
378393726,3014703,2162703,3014703,0,1,0,0,2,1,1,1,0,0,0,0,1,0,0,0,0,0,0
379393740,3014703,2162703,3014703,0,1,0,0,2,1,1,1,0,0,0,0,1,0,0,0,0,0,0
380402356,3014703,2162703,3014703,0,1,0,0,2,1,1,1,0,0,0,0,1,0,0,0,0,0,0
381406469,3014703,2162703,3014703,0,1,0,0,2,1,1,1,0,0,0,0,1,0,0,0,0,0,0
382415516,3014703,2162703,3014703,0,1,0,0,2,1,1,1,0,0,0,0,1,0,0,0,0,0,0
383417889,3014703,2162703,3014703,0,1,0,0,2,1,1,1,0,0,0,0,1,0,0,0,0,0,0
384428628,3014703,2162703,3014703,0,1,0,0,2,1,1,1,0,0,0,0,1,0,0,0,0,0,0
385438386,3014703,2162703,3014703,0,1,0,0,2,1,1,1,0,0,0,0,1,0,0,0,0,0,0
386445758,3014703,2162703,3014703,0,1,0,0,2,1,1,1,0,0,0,0,1,0,0,0,0,0,0
387456177,3014703,2162703,3014703,0,1,0,0,2,1,1,1,0,0,0,0,1,0,0,0,0,0,0
388459911,3014703,2162703,3014703,0,1,0,0,2,1,1,1,0,0,0,0,1,0,0,0,0,0,0
389469743,3014703,2162703,3014703,0,1,0,0,2,1,1,1,0,0,0,0,1,0,0,0,0,0,0
390470649,3014703,2162703,3014703,0,1,0,0,2,1,1,1,0,0,0,0,1,0,0,0,0,0,0
391478298,3014703,2162703,3014703,0,1,0,0,2,1,1,1,0,0,0,0,1,0,0,0,0,0,0
392487544,3014703,2162703,3014703,0,1,0,0,2,1,1,1,0,0,0,0,1,0,0,0,0,0,0
393493023,3014703,2162703,3014703,0,1,0,0,2,1,1,1,0,0,0,0,1,0,0,0,0,0,0
394498163,3014703,2162703,3014703,0,1,0,0,2,1,1,1,0,0,0,0,1,0,0,0,0,0,0
395500628,3014703,2162703,3014703,0,1,0,0,2,1,1,1,0,0,0,0,1,0,0,0,0,0,0
396503024,3014703,2162703,3014703,0,1,0,0,2,1,1,1,0,0,0,0,1,0,0,0,0,0,0
397508485,3014703,2162703,3014703,0,1,0,0,2,1,1,1,0,0,0,0,1,0,0,0,0,0,0
398512595,3014703,2162703,3014703,0,1,0,0,2,1,1,1,0,0,0,0,1,0,0,0,0,0,0
399522414,3014703,2162703,3014703,0,1,0,0,2,1,1,1,0,0,0,0,1,0,0,0,0,0,0
400534455,3014703,2162703,3014703,0,1,0,0,2,1,1,1,0,0,0,0,1,0,0,0,0,0,0
401544717,3014703,2162703,3014703,0,1,0,0,2,1,1,1,0,0,0,0,1,0,0,0,0,0,0
402555338,3014703,2162703,3014703,0,1,0,0,2,1,1,1,0,0,0,0,1,0,0,0,0,0,0
403557103,3014703,2162703,3014703,0,1,0,0,2,1,1,1,0,0,0,0,1,0,0,0,0,0,0
404565494,3014703,2162703,3014703,0,1,0,0,2,1,1,1,0,0,0,0,1,0,0,0,0,0,0
405573899,3014703,2162703,3014703,0,1,0,0,2,1,1,1,0,0,0,0,1,0,0,0,0,0,0
406583908,3014703,2162703,3014703,0,1,0,0,2,1,1,1,0,0,0,0,1,0,0,0,0,0,0
407584647,3014703,2162703,3014703,0,1,0,0,2,1,1,1,0,0,0,0,1,0,0,0,0,0,0
408592179,3014703,2162703,3014703,0,1,0,0,2,1,1,1,0,0,0,0,1,0,0,0,0,0,0
409595028,3014703,2162703,3014703,0,1,0,0,2,1,1,1,0,0,0,0,1,0,0,0,0,0,0
410603480,3014703,2162703,3014703,0,1,0,0,2,1,1,1,0,0,0,0,1,0,0,0,0,0,0
411605501,3014703,2162703,3014703,0,1,0,0,2,1,1,1,0,0,0,0,1,0,0,0,0,0,0
412612190,3014703,2162703,3014703,0,1,0,0,2,1,1,1,0,0,0,0,1,0,0,0,0,0,0
413618501,3014703,2162703,3014703,0,1,0,0,2,1,1,1,0,0,0,0,1,0,0,0,0,0,0
414624628,3014703,2162703,3014703,0,1,0,0,2,1,1,1,0,0,0,0,1,0,0,0,0,0,0
415625756,3014703,2162703,3014703,0,1,0,0,2,1,1,1,0,0,0,0,1,0,0,0,0,0,0
416631982,3014703,2162703,3014703,0,1,0,0,2,1,1,1,0,0,0,0,1,0,0,0,0,0,0
417637836,3014703,2162703,3014703,0,1,0,0,2,1,1,1,0,0,0,0,1,0,0,0,0,0,0
418640194,3014703,2162703,3014703,0,1,0,0,2,1,1,1,0,0,0,0,1,0,0,0,0,0,0
419642579,3014703,2162703,3014703,0,1,0,0,2,1,1,1,0,0,0,0,1,0,0,0,0,0,0
420646513,3014703,2162703,3014703,0,1,0,0,2,1,1,1,0,0,0,0,1,0,0,0,0,0,0
421651537,3014703,2162703,3014703,0,1,0,0,2,1,1,1,0,0,0,0,1,0,0,0,0,0,0
422656826,3014703,2162703,3014703,0,1,0,0,2,1,1,1,0,0,0,0,1,0,0,0,0,0,0
423663497,3014703,2162703,3014703,0,1,0,0,2,1,1,1,0,0,0,0,1,0,0,0,0,0,0
424666955,3014703,2162703,3014703,0,1,0,0,2,1,1,1,0,0,0,0,1,0,0,0,0,0,0
425670498,3014703,2162703,3014703,0,1,0,0,2,1,1,1,0,0,0,0,1,0,0,0,0,0,0
426675550,3014703,2162703,3014703,0,1,0,0,2,1,1,1,0,0,0,0,1,0,0,0,0,0,0
427676056,3014703,2162703,3014703,0,1,0,0,2,1,1,1,0,0,0,0,1,0,0,0,0,0,0
428676622,3014703,2162703,3014703,0,1,0,0,2,1,1,1,0,0,0,0,1,0,0,0,0,0,0
429685573,3014703,2162703,3014703,0,1,0,0,2,1,1,1,0,0,0,0,1,0,0,0,0,0,0
430686573,3014703,2162703,3014703,0,1,0,0,2,1,1,1,0,0,0,0,1,0,0,0,0,0,0
431694578,3014703,2162703,3014703,0,1,0,0,2,1,1,1,0,0,0,0,1,0,0,0,0,0,0
432699967,3014703,2162703,3014703,0,1,0,0,2,1,1,1,0,0,0,0,1,0,0,0,0,0,0
433703558,3014703,2162703,3014703,0,1,0,0,2,1,1,1,0,0,0,0,1,0,0,0,0,0,0
434713628,3014703,2162703,3014703,0,1,0,0,2,1,1,1,0,0,0,0,1,0,0,0,0,0,0
435718679,3014703,2162703,3014703,0,1,0,0,2,1,1,1,0,0,0,0,1,0,0,0,0,0,0
436720590,3014703,2162703,3014703,0,1,0,0,2,1,1,1,0,0,0,0,1,0,0,0,0,0,0
437728636,3014703,2162703,3014703,0,1,0,0,2,1,1,1,0,0,0,0,1,0,0,0,0,0,0
438731707,3014703,2162703,3014703,0,1,0,0,2,1,1,1,0,0,0,0,1,0,0,0,0,0,0
439732626,3014703,2162703,3014703,0,1,0,0,2,1,1,1,0,0,0,0,1,0,0,0,0,0,0
440740752,3014703,2162703,3014703,0,1,0,0,2,1,1,1,0,0,0,0,1,0,0,0,0,0,0
441746151,3014703,2162703,3014703,0,1,0,0,2,1,1,1,0,0,0,0,1,0,0,0,0,0,0
442749611,3014703,2162703,3014703,0,1,0,0,2,1,1,1,0,0,0,0,1,0,0,0,0,0,0
443758535,3014703,2162703,3014703,0,1,0,0,2,1,1,1,0,0,0,0,1,0,0,0,0,0,0
444768816,3014703,2162703,3014703,0,1,0,0,2,1,1,1,0,0,0,0,1,0,0,0,0,0,0
445772633,3014703,2162703,3014703,0,1,0,0,2,1,1,1,0,0,0,0,1,0,0,0,0,0,0
446773805,3014703,2162703,3014703,0,1,0,0,2,1,1,1,0,0,0,0,1,0,0,0,0,0,0
447779299,3014703,2162703,3014703,0,1,0,0,2,1,1,1,0,0,0,0,1,0,0,0,0,0,0
448788653,3014703,2162703,3014703,0,1,0,0,2,1,1,1,0,0,0,0,1,0,0,0,0,0,0
449788983,3014703,2162703,3014703,0,1,0,0,2,1,1,1,0,0,0,0,1,0,0,0,0,0,0
450795274,3014703,2162703,3014703,0,1,0,0,2,1,1,1,0,0,0,0,1,0,0,0,0,0,0
451798148,3014703,2162703,3014703,0,1,0,0,2,1,1,1,0,0,0,0,1,0,0,0,0,0,0
452804165,3014703,2162703,3014703,0,1,0,0,2,1,1,1,0,0,0,0,1,0,0,0,0,0,0
453811846,3014703,2162703,3014703,0,1,0,0,2,1,1,1,0,0,0,0,1,0,0,0,0,0,0
454821020,3014703,2162703,3014703,0,1,0,0,2,1,1,1,0,0,0,0,1,0,0,0,0,0,0
455830579,3014703,2162703,3014703,0,1,0,0,2,1,1,1,0,0,0,0,1,0,0,0,0,0,0
456837660,3014703,2162703,3014703,0,1,0,0,2,1,1,1,0,0,0,0,1,0,0,0,0,0,0
457840627,3014703,2162703,3014703,0,1,0,0,2,1,1,1,0,0,0,0,1,0,0,0,0,0,0
458843262,3014703,2162703,3014703,0,1,0,0,2,1,1,1,0,0,0,0,1,0,0,0,0,0,0
459853025,3014703,2162703,3014703,0,1,0,0,2,1,1,1,0,0,0,0,1,0,0,0,0,0,0
460858503,3014703,2162703,3014703,0,1,0,0,2,1,1,1,0,0,0,0,1,0,0,0,0,0,0
461861791,3014703,2162703,3014703,0,1,0,0,2,1,1,1,0,0,0,0,1,0,0,0,0,0,0
462868626,3014703,2162703,3014703,0,1,0,0,2,1,1,1,0,0,0,0,1,0,0,0,0,0,0
463871501,3014703,2162703,3014703,0,1,0,0,2,1,1,1,0,0,0,0,1,0,0,0,0,0,0
464873634,3014703,2162703,3014703,0,1,0,0,2,1,1,1,0,0,0,0,1,0,0,0,0,0,0
465881559,3014703,2162703,3014703,0,1,0,0,2,1,1,1,0,0,0,0,1,0,0,0,0,0,0
466888757,3014703,2162703,3014703,0,1,0,0,2,1,1,1,0,0,0,0,1,0,0,0,0,0,0
467899799,3014703,2162703,3014703,0,1,0,0,2,1,1,1,0,0,0,0,1,0,0,0,0,0,0
468900925,3014703,2162703,3014703,0,1,0,0,2,1,1,1,0,0,0,0,1,0,0,0,0,0,0
469903742,3014703,2162703,3014703,0,1,0,0,2,1,1,1,0,0,0,0,1,0,0,0,0,0,0
470908912,3014703,2162703,3014703,0,1,0,0,2,1,1,1,0,0,0,0,1,0,0,0,0,0,0
471913494,3014703,2162703,3014703,0,1,0,0,2,1,1,1,0,0,0,0,1,0,0,0,0,0,0
472917498,3014703,2162703,3014703,0,1,0,0,2,1,1,1,0,0,0,0,1,0,0,0,0,0,0
473919260,3014703,2162703,3014703,0,1,0,0,2,1,1,1,0,0,0,0,1,0,0,0,0,0,0
474919938,3014703,2162703,3014703,0,1,0,0,2,1,1,1,0,0,0,0,1,0,0,0,0,0,0
475920022,3014703,2162703,3014703,0,1,0,0,2,1,1,1,0,0,0,0,1,0,0,0,0,0,0
476921582,3014703,2162703,3014703,0,1,0,0,2,1,1,1,0,0,0,0,1,0,0,0,0,0,0
477922500,3014703,2162703,3014703,0,1,0,0,2,1,1,1,0,0,0,0,1,0,0,0,0,0,0
478932117,3014703,2162703,3014703,0,1,0,0,2,1,1,1,0,0,0,0,1,0,0,0,0,0,0
479942445,3014703,2162703,3014703,0,1,0,0,2,1,1,1,0,0,0,0,1,0,0,0,0,0,0
480947514,3014703,2162703,3014703,0,1,0,0,2,1,1,1,0,0,0,0,1,0,0,0,0,0,0
481948608,3014703,2162703,3014703,0,1,0,0,2,1,1,1,0,0,0,0,1,0,0,0,0,0,0
482951738,3014703,2162703,3014703,0,1,0,0,2,1,1,1,0,0,0,0,1,0,0,0,0,0,0
483952682,3014703,2162703,3014703,0,1,0,0,2,1,1,1,0,0,0,0,1,0,0,0,0,0,0
484958979,3014703,2162703,3014703,0,1,0,0,2,1,1,1,0,0,0,0,1,0,0,0,0,0,0
485964596,3014703,2162703,3014703,0,1,0,0,2,1,1,1,0,0,0,0,1,0,0,0,0,0,0
486972761,3014703,2162703,3014703,0,1,0,0,2,1,1,1,0,0,0,0,1,0,0,0,0,0,0
487975977,3014703,2162703,3014703,0,1,0,0,2,1,1,1,0,0,0,0,1,0,0,0,0,0,0
488982592,3014703,2162703,3014703,0,1,0,0,2,1,1,1,0,0,0,0,1,0,0,0,0,0,0
489986502,3014703,2162703,3014703,0,1,0,0,2,1,1,1,0,0,0,0,1,0,0,0,0,0,0
490996576,3014703,2162703,3014703,0,1,0,0,2,1,1,1,0,0,0,0,1,0,0,0,0,0,0
492006541,3014703,2162703,3014703,0,1,0,0,2,1,1,1,0,0,0,0,1,0,0,0,0,0,0
493016649,3014703,2162703,3014703,0,1,0,0,2,1,1,1,0,0,0,0,1,0,0,0,0,0,0
494025499,3014703,2162703,3014703,0,1,0,0,2,1,1,1,0,0,0,0,1,0,0,0,0,0,0
495033495,3014703,2162703,3014703,0,1,0,0,2,1,1,1,0,0,0,0,1,0,0,0,0,0,0
496038574,3014703,2162703,3014703,0,1,0,0,2,1,1,1,0,0,0,0,1,0,0,0,0,0,0
497049530,3014703,2162703,3014703,0,1,0,0,2,1,1,1,0,0,0,0,1,0,0,0,0,0,0
498053500,3014703,2162703,3014703,0,1,0,0,2,1,1,1,0,0,0,0,1,0,0,0,0,0,0
499061648,3014703,2162703,3014703,0,1,0,0,2,1,1,1,0,0,0,0,1,0,0,0,0,0,0
500071317,3014703,2162703,3014703,0,1,0,0,2,1,1,1,0,0,0,0,1,0,0,0,0,0,0
501080717,3014703,2162703,3014703,0,1,0,0,2,1,1,1,0,0,0,0,1,0,0,0,0,0,0
502085501,3014703,2162703,3014703,0,1,0,0,2,1,1,1,0,0,0,0,1,0,0,0,0,0,0
503096310,3014703,2162703,3014703,0,1,0,0,2,1,1,1,0,0,0,0,1,0,0,0,0,0,0
504107042,3014703,2162703,3014703,0,1,0,0,2,1,1,1,0,0,0,0,1,0,0,0,0,0,0
505112034,3014703,2162703,3014703,0,1,0,0,2,1,1,1,0,0,0,0,1,0,0,0,0,0,0
506121557,3014703,2162703,3014703,0,1,0,0,2,1,1,1,0,0,0,0,1,0,0,0,0,0,0
507127327,3014703,2162703,3014703,0,1,0,0,2,1,1,1,0,0,0,0,1,0,0,0,0,0,0
508136668,3014703,2162703,3014703,0,1,0,0,2,1,1,1,0,0,0,0,1,0,0,0,0,0,0
509141637,3014703,2162703,3014703,0,1,0,0,2,1,1,1,0,0,0,0,1,0,0,0,0,0,0
510151371,3014703,2162703,3014703,0,1,0,0,2,1,1,1,0,0,0,0,1,0,0,0,0,0,0
511153603,3014703,2162703,3014703,0,1,0,0,2,1,1,1,0,0,0,0,1,0,0,0,0,0,0
512159244,3014703,2162703,3014703,0,1,0,0,2,1,1,1,0,0,0,0,1,0,0,0,0,0,0
513166554,3014703,2162703,3014703,0,1,0,0,2,1,1,1,0,0,0,0,1,0,0,0,0,0,0
514175773,3014703,2162703,3014703,0,1,0,0,2,1,1,1,0,0,0,0,1,0,0,0,0,0,0
515178378,3014703,2162703,3014703,0,1,0,0,2,1,1,1,0,0,0,0,1,0,0,0,0,0,0
516186646,3014703,2162703,3014703,0,1,0,0,2,1,1,1,0,0,0,0,1,0,0,0,0,0,0
517188583,3014703,2162703,3014703,0,1,0,0,2,1,1,1,0,0,0,0,1,0,0,0,0,0,0
518195908,3014703,2162703,3014703,0,1,0,0,2,1,1,1,0,0,0,0,1,0,0,0,0,0,0
519198699,3014703,2162703,3014703,0,1,0,0,2,1,1,1,0,0,0,0,1,0,0,0,0,0,0
520206497,3014703,2162703,3014703,0,1,0,0,2,1,1,1,0,0,0,0,1,0,0,0,0,0,0
521215497,3014703,2162703,3014703,0,1,0,0,2,1,1,1,0,0,0,0,1,0,0,0,0,0,0
522221549,3014703,2162703,3014703,0,1,0,0,2,1,1,1,0,0,0,0,1,0,0,0,0,0,0
523225495,3014703,2162703,3014703,0,1,0,0,2,1,1,1,0,0,0,0,1,0,0,0,0,0,0
524234349,3014703,2162703,3014703,0,1,0,0,2,1,1,1,0,0,0,0,1,0,0,0,0,0,0
525244165,3014703,2162703,3014703,0,1,0,0,2,1,1,1,0,0,0,0,1,0,0,0,0,0,0
526247846,3014703,2162703,3014703,0,1,0,0,2,1,1,1,0,0,0,0,1,0,0,0,0,0,0
527250451,3014703,2162703,3014703,0,1,0,0,2,1,1,1,0,0,0,0,1,0,0,0,0,0,0
528260191,3014703,2162703,3014703,0,1,0,0,2,1,1,1,0,0,0,0,1,0,0,0,0,0,0
529261694,3014703,2162703,3014703,0,1,0,0,2,1,1,1,0,0,0,0,1,0,0,0,0,0,0
530271762,3014703,2162703,3014703,0,1,0,0,2,1,1,1,0,0,0,0,1,0,0,0,0,0,0
531282582,3014703,2162703,3014703,0,1,0,0,2,1,1,1,0,0,0,0,1,0,0,0,0,0,0
532289826,3014703,2162703,3014703,0,1,0,0,2,1,1,1,0,0,0,0,1,0,0,0,0,0,0
533296290,3014703,2162703,3014703,0,1,0,0,2,1,1,1,0,0,0,0,1,0,0,0,0,0,0
534297657,3014703,2162703,3014703,0,1,0,0,2,1,1,1,0,0,0,0,1,0,0,0,0,0,0
535303009,3014703,2162703,3014703,0,1,0,0,2,1,1,1,0,0,0,0,1,0,0,0,0,0,0
536309671,3014703,2162703,3014703,0,1,0,0,2,1,1,1,0,0,0,0,1,0,0,0,0,0,0
537311322,3014703,2162703,3014703,0,1,0,0,2,1,1,1,0,0,0,0,1,0,0,0,0,0,0
538311534,3014703,2162703,3014703,0,1,0,0,2,1,1,1,0,0,0,0,1,0,0,0,0,0,0
539315535,3014703,2162703,3014703,0,1,0,0,2,1,1,1,0,0,0,0,1,0,0,0,0,0,0
540315557,3014703,2162703,3014703,0,1,0,0,2,1,1,1,0,0,0,0,1,0,0,0,0,0,0
541318693,3014703,2162703,3014703,0,1,0,0,2,1,1,1,0,0,0,0,1,0,0,0,0,0,0
542321506,3014703,2162703,3014703,0,1,0,0,2,1,1,1,0,0,0,0,1,0,0,0,0,0,0
543331546,3014703,2162703,3014703,0,1,0,0,2,1,1,1,0,0,0,0,1,0,0,0,0,0,0
544336355,3014703,2162703,3014703,0,1,0,0,2,1,1,1,0,0,0,0,1,0,0,0,0,0,0
545346275,3014703,2162703,3014703,0,1,0,0,2,1,1,1,0,0,0,0,1,0,0,0,0,0,0
546351163,3014703,2162703,3014703,0,1,0,0,2,1,1,1,0,0,0,0,1,0,0,0,0,0,0
547361517,3014703,2162703,3014703,0,1,0,0,2,1,1,1,0,0,0,0,1,0,0,0,0,0,0
548364790,3014703,2162703,3014703,0,1,0,0,2,1,1,1,0,0,0,0,1,0,0,0,0,0,0
549371689,3014703,2162703,3014703,0,1,0,0,2,1,1,1,0,0,0,0,1,0,0,0,0,0,0
550373868,3014703,2162703,3014703,0,1,0,0,2,1,1,1,0,0,0,0,1,0,0,0,0,0,0
551382588,3014703,2162703,3014703,0,1,0,0,2,1,1,1,0,0,0,0,1,0,0,0,0,0,0
552389535,3014703,2162703,3014703,0,1,0,0,2,1,1,1,0,0,0,0,1,0,0,0,0,0,0
553391697,3014703,2162703,3014703,0,1,0,0,2,1,1,1,0,0,0,0,1,0,0,0,0,0,0
554398685,3014703,2162703,3014703,0,1,0,0,2,1,1,1,0,0,0,0,1,0,0,0,0,0,0
555400683,3014703,2162703,3014703,0,1,0,0,2,1,1,1,0,0,0,0,1,0,0,0,0,0,0
556404983,3014703,2162703,3014703,0,1,0,0,2,1,1,1,0,0,0,0,1,0,0,0,0,0,0
557413535,3014703,2162703,3014703,0,1,0,0,2,1,1,1,0,0,0,0,1,0,0,0,0,0,0
558420579,3014703,2162703,3014703,0,1,0,0,2,1,1,1,0,0,0,0,1,0,0,0,0,0,0
559425719,3014703,2162703,3014703,0,1,0,0,2,1,1,1,0,0,0,0,1,0,0,0,0,0,0
560430615,3014703,2162703,3014703,0,1,0,0,2,1,1,1,0,0,0,0,1,0,0,0,0,0,0
561440847,3014703,2162703,3014703,0,1,0,0,2,1,1,1,0,0,0,0,1,0,0,0,0,0,0
562443345,3014703,2162703,3014703,0,1,0,0,2,1,1,1,0,0,0,0,1,0,0,0,0,0,0
563446577,3014703,2162703,3014703,0,1,0,0,2,1,1,1,0,0,0,0,1,0,0,0,0,0,0
564453689,3014703,2162703,3014703,0,1,0,0,2,1,1,1,0,0,0,0,1,0,0,0,0,0,0
565461806,3014703,2162703,3014703,0,1,0,0,2,1,1,1,0,0,0,0,1,0,0,0,0,0,0
566464591,3014703,2162703,3014703,0,1,0,0,2,1,1,1,0,0,0,0,1,0,0,0,0,0,0
567467275,3014703,2162703,3014703,0,1,0,0,2,1,1,1,0,0,0,0,1,0,0,0,0,0,0
568477582,3014703,2162703,3014703,0,1,0,0,2,1,1,1,0,0,0,0,1,0,0,0,0,0,0
569485563,3014703,2162703,3014703,0,1,0,0,2,1,1,1,0,0,0,0,1,0,0,0,0,0,0
570494682,3014703,2162703,3014703,0,1,0,0,2,1,1,1,0,0,0,0,1,0,0,0,0,0,0
571501528,3014703,2162703,3014703,0,1,0,0,2,1,1,1,0,0,0,0,1,0,0,0,0,0,0
572505498,3014703,2162703,3014703,0,1,0,0,2,1,1,1,0,0,0,0,1,0,0,0,0,0,0
573514579,3014703,2162703,3014703,0,1,0,0,2,1,1,1,0,0,0,0,1,0,0,0,0,0,0
574523726,3014703,2162703,3014703,0,1,0,0,2,1,1,1,0,0,0,0,1,0,0,0,0,0,0
575525667,3014703,2162703,3014703,0,1,0,0,2,1,1,1,0,0,0,0,1,0,0,0,0,0,0
576528761,3014703,2162703,3014703,0,1,0,0,2,1,1,1,0,0,0,0,1,0,0,0,0,0,0
577533548,3014703,2162703,3014703,0,1,0,0,2,1,1,1,0,0,0,0,1,0,0,0,0,0,0
578536358,3014703,2162703,3014703,0,1,0,0,2,1,1,1,0,0,0,0,1,0,0,0,0,0,0
579540627,3014703,2162703,3014703,0,1,0,0,2,1,1,1,0,0,0,0,1,0,0,0,0,0,0
580550985,3014703,2162703,3014703,0,1,0,0,2,1,1,1,0,0,0,0,1,0,0,0,0,0,0
581563322,3014703,2162703,3014703,0,1,0,0,2,1,1,1,0,0,0,0,1,0,0,0,0,0,0
582564625,3014703,2162703,3014703,0,1,0,0,2,1,1,1,0,0,0,0,1,0,0,0,0,0,0
583570501,3014703,2162703,3014703,0,1,0,0,2,1,1,1,0,0,0,0,1,0,0,0,0,0,0
584575263,3014703,2162703,3014703,0,1,0,0,2,1,1,1,0,0,0,0,1,0,0,0,0,0,0
585578232,3014703,2162703,3014703,0,1,0,0,2,1,1,1,0,0,0,0,1,0,0,0,0,0,0
586578583,3014703,2162703,3014703,0,1,0,0,2,1,1,1,0,0,0,0,1,0,0,0,0,0,0
587579021,3014703,2162703,3014703,0,1,0,0,2,1,1,1,0,0,0,0,1,0,0,0,0,0,0
588585600,3014703,2162703,3014703,0,1,0,0,2,1,1,1,0,0,0,0,1,0,0,0,0,0,0
589594417,3014703,2162703,3014703,0,1,0,0,2,1,1,1,0,0,0,0,1,0,0,0,0,0,0
590597498,3014703,2162703,3014703,0,1,0,0,2,1,1,1,0,0,0,0,1,0,0,0,0,0,0
591603344,3014703,2162703,3014703,0,1,0,0,2,1,1,1,0,0,0,0,1,0,0,0,0,0,0
592606114,3014703,2162703,3014703,0,1,0,0,2,1,1,1,0,0,0,0,1,0,0,0,0,0,0
593612651,3014703,2162703,3014703,0,1,0,0,2,1,1,1,0,0,0,0,1,0,0,0,0,0,0
594621727,3014703,2162703,3014703,0,1,0,0,2,1,1,1,0,0,0,0,1,0,0,0,0,0,0
595626568,3014703,2162703,3014703,0,1,0,0,2,1,1,1,0,0,0,0,1,0,0,0,0,0,0
596636617,3014703,2162703,3014703,0,1,0,0,2,1,1,1,0,0,0,0,1,0,0,0,0,0,0
597638977,3014703,2162703,3014703,0,1,0,0,2,1,1,1,0,0,0,0,1,0,0,0,0,0,0
598640751,3014703,2162703,3014703,0,1,0,0,2,1,1,1,0,0,0,0,1,0,0,0,0,0,0
599650173,3014703,2162703,3014703,0,1,0,0,2,1,1,1,0,0,0,0,1,0,0,0,0,0,0
600658690,3014703,2162703,3014703,0,1,0,0,2,1,1,1,0,0,0,0,1,0,0,0,0,0,0
601661712,3014703,2162703,3014703,0,1,0,0,2,1,1,1,0,0,0,0,1,0,0,0,0,0,0
602663880,3014703,2162703,3014703,0,1,0,0,2,1,1,1,0,0,0,0,1,0,0,0,0,0,0
603669026,3014703,2162703,3014703,0,1,0,0,2,1,1,1,0,0,0,0,1,0,0,0,0,0,0
604671549,3014703,2162703,3014703,0,1,0,0,2,1,1,1,0,0,0,0,1,0,0,0,0,0,0
605671918,3014703,2162703,3014703,0,1,0,0,2,1,1,1,0,0,0,0,1,0,0,0,0,0,0
606676771,3014703,2162703,3014703,0,1,0,0,2,1,1,1,0,0,0,0,1,0,0,0,0,0,0
607686314,3014703,2162703,3014703,0,1,0,0,2,1,1,1,0,0,0,0,1,0,0,0,0,0,0
608694542,3014703,2162703,3014703,0,1,0,0,2,1,1,1,0,0,0,0,1,0,0,0,0,0,0
609695384,3014703,2162703,3014703,0,1,0,0,2,1,1,1,0,0,0,0,1,0,0,0,0,0,0
610701498,3014703,2162703,3014703,0,1,0,0,2,1,1,1,0,0,0,0,1,0,0,0,0,0,0
611704625,3014703,2162703,3014703,0,1,0,0,2,1,1,1,0,0,0,0,1,0,0,0,0,0,0
612710322,3014703,2162703,3014703,0,1,0,0,2,1,1,1,0,0,0,0,1,0,0,0,0,0,0
613711914,3014703,2162703,3014703,0,1,0,0,2,1,1,1,0,0,0,0,1,0,0,0,0,0,0
614722903,3014703,2162703,3014703,0,1,0,0,2,1,1,1,0,0,0,0,1,0,0,0,0,0,0
615733535,3014703,2162703,3014703,0,1,0,0,2,1,1,1,0,0,0,0,1,0,0,0,0,0,0
616736853,3014703,2162703,3014703,0,1,0,0,2,1,1,1,0,0,0,0,1,0,0,0,0,0,0
617745834,3014703,2162703,3014703,0,1,0,0,2,1,1,1,0,0,0,0,1,0,0,0,0,0,0
618755990,3014703,2162703,3014703,0,1,0,0,2,1,1,1,0,0,0,0,1,0,0,0,0,0,0
619763019,3014703,2162703,3014703,0,1,0,0,2,1,1,1,0,0,0,0,1,0,0,0,0,0,0
620772788,3014703,2162703,3014703,0,1,0,0,2,1,1,1,0,0,0,0,1,0,0,0,0,0,0
621777786,3014703,2162703,3014703,0,1,0,0,2,1,1,1,0,0,0,0,1,0,0,0,0,0,0
622782199,3014703,2162703,3014703,0,1,0,0,2,1,1,1,0,0,0,0,1,0,0,0,0,0,0
623793069,3014703,2162703,3014703,0,1,0,0,2,1,1,1,0,0,0,0,1,0,0,0,0,0,0
624793758,3014703,2162703,3014703,0,1,0,0,2,1,1,1,0,0,0,0,1,0,0,0,0,0,0
625803502,3014703,2162703,3014703,0,1,0,0,2,1,1,1,0,0,0,0,1,0,0,0,0,0,0
626804658,3014703,2162703,3014703,0,1,0,0,2,1,1,1,0,0,0,0,1,0,0,0,0,0,0
627813845,3014703,2162703,3014703,0,1,0,0,2,1,1,1,0,0,0,0,1,0,0,0,0,0,0
628817643,3014703,2162703,3014703,0,1,0,0,2,1,1,1,0,0,0,0,1,0,0,0,0,0,0
629817823,3014703,2162703,3014703,0,1,0,0,2,1,1,1,0,0,0,0,1,0,0,0,0,0,0
630828900,3014703,2162703,3014703,0,1,0,0,2,1,1,1,0,0,0,0,1,0,0,0,0,0,0
631836827,3014703,2162703,3014703,0,1,0,0,2,1,1,1,0,0,0,0,1,0,0,0,0,0,0
632839586,3014703,2162703,3014703,0,1,0,0,2,1,1,1,0,0,0,0,1,0,0,0,0,0,0
633840589,3014703,2162703,3014703,0,1,0,0,2,1,1,1,0,0,0,0,1,0,0,0,0,0,0
634847729,3014703,2162703,3014703,0,1,0,0,2,1,1,1,0,0,0,0,1,0,0,0,0,0,0
635855852,3014703,2162703,3014703,0,1,0,0,2,1,1,1,0,0,0,0,1,0,0,0,0,0,0
636866574,3014703,2162703,3014703,0,1,0,0,2,1,1,1,0,0,0,0,1,0,0,0,0,0,0
637866583,3014703,2162703,3014703,0,1,0,0,2,1,1,1,0,0,0,0,1,0,0,0,0,0,0
638866613,3014703,2162703,3014703,0,1,0,0,2,1,1,1,0,0,0,0,1,0,0,0,0,0,0
639872638,3014703,2162703,3014703,0,1,0,0,2,1,1,1,0,0,0,0,1,0,0,0,0,0,0
640879916,3014703,2162703,3014703,0,1,0,0,2,1,1,1,0,0,0,0,1,0,0,0,0,0,0
641888608,3014703,2162703,3014703,0,1,0,0,2,1,1,1,0,0,0,0,1,0,0,0,0,0,0
642891405,3014703,2162703,3014703,0,1,0,0,2,1,1,1,0,0,0,0,1,0,0,0,0,0,0
643894357,3014703,2162703,3014703,0,1,0,0,2,1,1,1,0,0,0,0,1,0,0,0,0,0,0
644899113,3014703,2162703,3014703,0,1,0,0,2,1,1,1,0,0,0,0,1,0,0,0,0,0,0
645906996,3014703,2162703,3014703,0,1,0,0,2,1,1,1,0,0,0,0,1,0,0,0,0,0,0
646916612,3014703,2162703,3014703,0,1,0,0,2,1,1,1,0,0,0,0,1,0,0,0,0,0,0
647924938,3014703,2162703,3014703,0,1,0,0,2,1,1,1,0,0,0,0,1,0,0,0,0,0,0
648931768,3014703,2162703,3014703,0,1,0,0,2,1,1,1,0,0,0,0,1,0,0,0,0,0,0
649935886,3014703,2162703,3014703,0,1,0,0,2,1,1,1,0,0,0,0,1,0,0,0,0,0,0
650946543,3014703,2162703,3014703,0,1,0,0,2,1,1,1,0,0,0,0,1,0,0,0,0,0,0
651958675,3014703,2162703,3014703,0,1,0,0,2,1,1,1,0,0,0,0,1,0,0,0,0,0,0
652963101,3014703,2162703,3014703,0,1,0,0,2,1,1,1,0,0,0,0,1,0,0,0,0,0,0
653968345,3014703,2162703,3014703,0,1,0,0,2,1,1,1,0,0,0,0,1,0,0,0,0,0,0
654976938,3014703,2162703,3014703,0,1,0,0,2,1,1,1,0,0,0,0,1,0,0,0,0,0,0
655982898,3014703,2162703,3014703,0,1,0,0,2,1,1,1,0,0,0,0,1,0,0,0,0,0,0
656983935,3014703,2162703,3014703,0,1,0,0,2,1,1,1,0,0,0,0,1,0,0,0,0,0,0
657993534,3014703,2162703,3014703,0,1,0,0,2,1,1,1,0,0,0,0,1,0,0,0,0,0,0
658998237,3014703,2162703,3014703,0,1,0,0,2,1,1,1,0,0,0,0,1,0,0,0,0,0,0
660009535,3014703,2162703,3014703,0,1,0,0,2,1,1,1,0,0,0,0,1,0,0,0,0,0,0
661012829,3014703,2162703,3014703,0,1,0,0,2,1,1,1,0,0,0,0,1,0,0,0,0,0,0
662017543,3014703,2162703,3014703,0,1,0,0,2,1,1,1,0,0,0,0,1,0,0,0,0,0,0
663023909,3014703,2162703,3014703,0,1,0,0,2,1,1,1,0,0,0,0,1,0,0,0,0,0,0
664024635,3014703,2162703,3014703,0,1,0,0,2,1,1,1,0,0,0,0,1,0,0,0,0,0,0
665029916,3014703,2162703,3014703,0,1,0,0,2,1,1,1,0,0,0,0,1,0,0,0,0,0,0
666039962,3014703,2162703,3014703,0,1,0,0,2,1,1,1,0,0,0,0,1,0,0,0,0,0,0
667041758,3014703,2162703,3014703,0,1,0,0,2,1,1,1,0,0,0,0,1,0,0,0,0,0,0
668048584,3014703,2162703,3014703,0,1,0,0,2,1,1,1,0,0,0,0,1,0,0,0,0,0,0
669050644,3014703,2162703,3014703,0,1,0,0,2,1,1,1,0,0,0,0,1,0,0,0,0,0,0
670060725,3014703,2162703,3014703,0,1,0,0,2,1,1,1,0,0,0,0,1,0,0,0,0,0,0
671064134,3014703,2162703,3014703,0,1,0,0,2,1,1,1,0,0,0,0,1,0,0,0,0,0,0
672072130,3014703,2162703,3014703,0,1,0,0,2,1,1,1,0,0,0,0,1,0,0,0,0,0,0
673072902,3014703,2162703,3014703,0,1,0,0,2,1,1,1,0,0,0,0,1,0,0,0,0,0,0
674077863,3014703,2162703,3014703,0,1,0,0,2,1,1,1,0,0,0,0,1,0,0,0,0,0,0
675083815,3014703,2162703,3014703,0,1,0,0,2,1,1,1,0,0,0,0,1,0,0,0,0,0,0
676085862,3014703,2162703,3014703,0,1,0,0,2,1,1,1,0,0,0,0,1,0,0,0,0,0,0
677097341,3014703,2162703,3014703,0,1,0,0,2,1,1,1,0,0,0,0,1,0,0,0,0,0,0
678102646,3014703,2162703,3014703,0,1,0,0,2,1,1,1,0,0,0,0,1,0,0,0,0,0,0
679106733,3014703,2162703,3014703,0,1,0,0,2,1,1,1,0,0,0,0,1,0,0,0,0,0,0
680115501,3014703,2162703,3014703,0,1,0,0,2,1,1,1,0,0,0,0,1,0,0,0,0,0,0
681125872,3014703,2162703,3014703,0,1,0,0,2,1,1,1,0,0,0,0,1,0,0,0,0,0,0
682126565,3014703,2162703,3014703,0,1,0,0,2,1,1,1,0,0,0,0,1,0,0,0,0,0,0
683136595,3014703,2162703,3014703,0,1,0,0,2,1,1,1,0,0,0,0,1,0,0,0,0,0,0
684140783,3014703,2162703,3014703,0,1,0,0,2,1,1,1,0,0,0,0,1,0,0,0,0,0,0
685142583,3014703,2162703,3014703,0,1,0,0,2,1,1,1,0,0,0,0,1,0,0,0,0,0,0
686151954,3014703,2162703,3014703,0,1,0,0,2,1,1,1,0,0,0,0,1,0,0,0,0,0,0
687161608,3014703,2162703,3014703,0,1,0,0,2,1,1,1,0,0,0,0,1,0,0,0,0,0,0
688166510,3014703,2162703,3014703,0,1,0,0,2,1,1,1,0,0,0,0,1,0,0,0,0,0,0
689177490,3014703,2162703,3014703,0,1,0,0,2,1,1,1,0,0,0,0,1,0,0,0,0,0,0
690187249,3014703,2162703,3014703,0,1,0,0,2,1,1,1,0,0,0,0,1,0,0,0,0,0,0
691188294,3014703,2162703,3014703,0,1,0,0,2,1,1,1,0,0,0,0,1,0,0,0,0,0,0
692195731,3014703,2162703,3014703,0,1,0,0,2,1,1,1,0,0,0,0,1,0,0,0,0,0,0
693196709,3014703,2162703,3014703,0,1,0,0,2,1,1,1,0,0,0,0,1,0,0,0,0,0,0
694204995,3014703,2162703,3014703,0,1,0,0,2,1,1,1,0,0,0,0,1,0,0,0,0,0,0
695215514,3014703,2162703,3014703,0,1,0,0,2,1,1,1,0,0,0,0,1,0,0,0,0,0,0
696220579,3014703,2162703,3014703,0,1,0,0,2,1,1,1,0,0,0,0,1,0,0,0,0,0,0
697220665,3014703,2162703,3014703,0,1,0,0,2,1,1,1,0,0,0,0,1,0,0,0,0,0,0
698222298,3014703,2162703,3014703,0,1,0,0,2,1,1,1,0,0,0,0,1,0,0,0,0,0,0
699230499,3014703,2162703,3014703,0,1,0,0,2,1,1,1,0,0,0,0,1,0,0,0,0,0,0
700237626,3014703,2162703,3014703,0,1,0,0,2,1,1,1,0,0,0,0,1,0,0,0,0,0,0
701246545,3014703,2162703,3014703,0,1,0,0,2,1,1,1,0,0,0,0,1,0,0,0,0,0,0
702142108,3014703,2162703,3014703,0,1,0,0,2,1,1,1,0,0,0,0,1,0,0,0,0,0,0
703149539,3014703,2162703,3014703,0,1,0,0,2,1,1,1,0,0,0,0,1,0,0,0,0,0,0
704158745,3014703,2162703,3014703,0,1,0,0,2,1,1,1,0,0,0,0,1,0,0,0,0,0,0
705168700,3014703,2162703,3014703,0,1,0,0,2,1,1,1,0,0,0,0,1,0,0,0,0,0,0
706173736,3014703,2162703,3014703,0,1,0,0,2,1,1,1,0,0,0,0,1,0,0,0,0,0,0
707180947,3014703,2162703,3014703,0,1,0,0,2,1,1,1,0,0,0,0,1,0,0,0,0,0,0
708189895,3014703,2162703,3014703,0,1,0,0,2,1,1,1,0,0,0,0,1,0,0,0,0,0,0
709196966,3014703,2162703,3014703,0,1,0,0,2,1,1,1,0,0,0,0,1,0,0,0,0,0,0
710199960,3014703,2162703,3014703,0,1,0,0,2,1,1,1,0,0,0,0,1,0,0,0,0,0,0
711209687,3014703,2162703,3014703,0,1,0,0,2,1,1,1,0,0,0,0,1,0,0,0,0,0,0
712212163,3014703,2162703,3014703,0,1,0,0,2,1,1,1,0,0,0,0,1,0,0,0,0,0,0
713215546,3014703,2162703,3014703,0,1,0,0,2,1,1,1,0,0,0,0,1,0,0,0,0,0,0
714227028,3014703,2162703,3014703,0,1,0,0,2,1,1,1,0,0,0,0,1,0,0,0,0,0,0
715231703,3014703,2162703,3014703,0,1,0,0,2,1,1,1,0,0,0,0,1,0,0,0,0,0,0
716234501,3014703,2162703,3014703,0,1,0,0,2,1,1,1,0,0,0,0,1,0,0,0,0,0,0
717237799,3014703,2162703,3014703,0,1,0,0,2,1,1,1,0,0,0,0,1,0,0,0,0,0,0
718285728,3014703,2162703,3014703,0,1,0,0,2,1,1,1,0,0,0,0,1,0,0,0,0,0,0
719287546,3014703,2162703,3014703,0,1,0,0,2,1,1,1,0,0,0,0,1,0,0,0,0,0,0
720292132,3014703,2162703,3014703,0,1,0,0,2,1,1,1,0,0,0,0,1,0,0,0,0,0,0
721301587,3014703,2162703,3014703,0,1,0,0,2,1,1,1,0,0,0,0,1,0,0,0,0,0,0
722305540,3014703,2162703,3014703,0,1,0,0,2,1,1,1,0,0,0,0,1,0,0,0,0,0,0
