timestamp,voltage5V_v,voltage3V3_v,v3v3_valid,usb_connected,brick_valid,usb_valid,servo_valid,periph_5V_OC,hipower_5V_OC
2929549,4.80015,0.0,0,1,0,1,0,0,0
3429549,4.76953,0.0,0,1,0,1,0,0,0
3929549,4.75181,0.0,0,1,0,1,0,0,0
4429588,4.82432,0.0,0,1,0,1,0,0,0
4929569,4.72441,0.0,0,1,0,1,0,0,0
5429549,4.77114,0.0,0,1,0,1,0,0,0
5929572,4.75825,0.0,0,1,0,1,0,0,0
6429549,4.82109,0.0,0,1,0,1,0,0,0
6929549,4.76147,0.0,0,1,0,1,0,0,0
7429549,4.78403,0.0,0,1,0,1,0,0,0
7939582,4.76147,0.0,0,1,0,1,0,0,0
8439555,4.8356,0.0,0,1,0,1,0,0,0
8939549,4.80176,0.0,0,1,0,1,0,0,0
9439594,4.83237,0.0,0,1,0,1,0,0,0
9939549,4.7647,0.0,0,1,0,1,0,0,0
10439549,4.81626,0.0,0,1,0,1,0,0,0
10939552,4.77759,0.0,0,1,0,1,0,0,0
11439572,4.77598,0.0,0,1,0,1,0,0,0
11939549,4.77275,0.0,0,1,0,1,0,0,0
12439571,4.76953,0.0,0,1,0,1,0,0,0
12949561,4.76953,0.0,0,1,0,1,0,0,0
13449549,4.75986,0.0,0,1,0,1,0,0,0
13949549,4.83398,0.0,0,1,0,1,0,0,0
14449596,4.82915,0.0,0,1,0,1,0,0,0
14949549,4.82915,0.0,0,1,0,1,0,0,0
15459549,4.84204,0.0,0,1,0,1,0,0,0
15959548,4.84526,0.0,0,1,0,1,0,0,0
16459565,4.81465,0.0,0,1,0,1,0,0,0
16969577,4.77114,0.0,0,1,0,1,0,0,0
17469549,4.7792,0.0,0,1,0,1,0,0,0
17969550,4.77436,0.0,0,1,0,1,0,0,0
18469549,4.74214,0.0,0,1,0,1,0,0,0
18969553,4.7647,0.0,0,1,0,1,0,0,0
19479610,4.7647,0.0,0,1,0,1,0,0,0
19979612,4.77275,0.0,0,1,0,1,0,0,0
20479583,4.77114,0.0,0,1,0,1,0,0,0
20979549,4.83882,0.0,0,1,0,1,0,0,0
21479549,4.74858,0.0,0,1,0,1,0,0,0
21979549,4.84204,0.0,0,1,0,1,0,0,0
22479549,4.77759,0.0,0,1,0,1,0,0,0
22989559,4.82754,0.0,0,1,0,1,0,0,0
23489549,4.77759,0.0,0,1,0,1,0,0,0
23989560,4.77436,0.0,0,1,0,1,0,0,0
24489592,4.77759,0.0,0,1,0,1,0,0,0
24989549,4.77436,0.0,0,1,0,1,0,0,0
25489549,4.76792,0.0,0,1,0,1,0,0,0
25999564,4.76792,0.0,0,1,0,1,0,0,0
26499549,4.77114,0.0,0,1,0,1,0,0,0
26999551,4.80981,0.0,0,1,0,1,0,0,0
27499549,4.8227,0.0,0,1,0,1,0,0,0
27999566,4.82754,0.0,0,1,0,1,0,0,0
28499550,4.84526,0.0,0,1,0,1,0,0,0
29009607,4.82109,0.0,0,1,0,1,0,0,0
29509594,4.74214,0.0,0,1,0,1,0,0,0
30009551,4.76953,0.0,0,1,0,1,0,0,0
30509549,4.77598,0.0,0,1,0,1,0,0,0
31009549,4.77759,0.0,0,1,0,1,0,0,0
31509549,4.78242,0.0,0,1,0,1,0,0,0
32009560,4.84365,0.0,0,1,0,1,0,0,0
32509571,4.78242,0.0,0,1,0,1,0,0,0
33009568,4.78242,0.0,0,1,0,1,0,0,0
33509549,4.7792,0.0,0,1,0,1,0,0,0
34009549,4.76953,0.0,0,1,0,1,0,0,0
34509586,4.77598,0.0,0,1,0,1,0,0,0
35019558,4.84204,0.0,0,1,0,1,0,0,0
35519606,4.8227,0.0,0,1,0,1,0,0,0
36019578,4.83882,0.0,0,1,0,1,0,0,0
36519549,4.77114,0.0,0,1,0,1,0,0,0
37019556,4.78081,0.0,0,1,0,1,0,0,0
37519549,4.82593,0.0,0,1,0,1,0,0,0
38019587,4.77598,0.0,0,1,0,1,0,0,0
38519549,4.77436,0.0,0,1,0,1,0,0,0
39019574,4.77436,0.0,0,1,0,1,0,0,0
39529572,4.75825,0.0,0,1,0,1,0,0,0
40029549,4.76792,0.0,0,1,0,1,0,0,0
40529549,4.82593,0.0,0,1,0,1,0,0,0
41029549,4.79531,0.0,0,1,0,1,0,0,0
41539569,4.76792,0.0,0,1,0,1,0,0,0
42039549,4.84365,0.0,0,1,0,1,0,0,0
42539549,4.82915,0.0,0,1,0,1,0,0,0
43039596,4.84526,0.0,0,1,0,1,0,0,0
43539549,4.76147,0.0,0,1,0,1,0,0,0
44039549,4.77759,0.0,0,1,0,1,0,0,0
44539549,4.75825,0.0,0,1,0,1,0,0,0
45039568,4.75503,0.0,0,1,0,1,0,0,0
45539549,4.76309,0.0,0,1,0,1,0,0,0
46039571,4.76147,0.0,0,1,0,1,0,0,0
46539549,4.76309,0.0,0,1,0,1,0,0,0
47039549,4.77114,0.0,0,1,0,1,0,0,0
47539549,4.82915,0.0,0,1,0,1,0,0,0
48039583,4.75825,0.0,0,1,0,1,0,0,0
48539598,4.8356,0.0,0,1,0,1,0,0,0
49049549,4.8501,0.0,0,1,0,1,0,0,0
49549561,4.82754,0.0,0,1,0,1,0,0,0
50049549,4.78081,0.0,0,1,0,1,0,0,0
50549549,4.75503,0.0,0,1,0,1,0,0,0
51049549,4.75181,0.0,0,1,0,1,0,0,0
51549580,4.76953,0.0,0,1,0,1,0,0,0
52049549,4.75664,0.0,0,1,0,1,0,0,0
52549572,4.76792,0.0,0,1,0,1,0,0,0
53049587,4.77114,0.0,0,1,0,1,0,0,0
53549549,4.75664,0.0,0,1,0,1,0,0,0
54059549,4.77436,0.0,0,1,0,1,0,0,0
54559564,4.8227,0.0,0,1,0,1,0,0,0
55059556,4.8227,0.0,0,1,0,1,0,0,0
55559549,4.8356,0.0,0,1,0,1,0,0,0
56069549,4.83398,0.0,0,1,0,1,0,0,0
56569549,4.84687,0.0,0,1,0,1,0,0,0
57069549,4.83076,0.0,0,1,0,1,0,0,0
57569602,4.79048,0.0,0,1,0,1,0,0,0
58069551,4.77759,0.0,0,1,0,1,0,0,0
58569557,4.7647,0.0,0,1,0,1,0,0,0
59069549,4.77598,0.0,0,1,0,1,0,0,0
59569549,4.76147,0.0,0,1,0,1,0,0,0
60069549,4.75503,0.0,0,1,0,1,0,0,0
60579548,4.8356,0.0,0,1,0,1,0,0,0
61079549,4.83882,0.0,0,1,0,1,0,0,0
61579580,4.77114,0.0,0,1,0,1,0,0,0
62079549,4.84204,0.0,0,1,0,1,0,0,0
62579549,4.83398,0.0,0,1,0,1,0,0,0
63089570,4.85171,0.0,0,1,0,1,0,0,0
63589565,4.81465,0.0,0,1,0,1,0,0,0
64089549,4.78081,0.0,0,1,0,1,0,0,0
64589549,4.77114,0.0,0,1,0,1,0,0,0
65089549,4.77759,0.0,0,1,0,1,0,0,0
65589551,4.75342,0.0,0,1,0,1,0,0,0
66089549,4.7502,0.0,0,1,0,1,0,0,0
66589558,4.77436,0.0,0,1,0,1,0,0,0
67089564,4.77759,0.0,0,1,0,1,0,0,0
67599549,4.83237,0.0,0,1,0,1,0,0,0
68099571,4.83882,0.0,0,1,0,1,0,0,0
68599558,4.84849,0.0,0,1,0,1,0,0,0
69099549,4.84365,0.0,0,1,0,1,0,0,0
69599550,4.81465,0.0,0,1,0,1,0,0,0
70099569,4.84526,0.0,0,1,0,1,0,0,0
70599549,4.7647,0.0,0,1,0,1,0,0,0
71109549,4.79531,0.0,0,1,0,1,0,0,0
71609549,4.84204,0.0,0,1,0,1,0,0,0
72109549,4.77598,0.0,0,1,0,1,0,0,0
72609550,4.7647,0.0,0,1,0,1,0,0,0
73109652,4.78081,0.0,0,1,0,1,0,0,0
73609555,4.77759,0.0,0,1,0,1,0,0,0
74109558,4.76309,0.0,0,1,0,1,0,0,0
74609549,4.77759,0.0,0,1,0,1,0,0,0
75119580,4.84365,0.0,0,1,0,1,0,0,0
75619549,4.83882,0.0,0,1,0,1,0,0,0
76129549,4.82109,0.0,0,1,0,1,0,0,0
76629561,4.84526,0.0,0,1,0,1,0,0,0
77129549,4.80981,0.0,0,1,0,1,0,0,0
77629549,4.8356,0.0,0,1,0,1,0,0,0
78129549,4.82915,0.0,0,1,0,1,0,0,0
78629549,4.74858,0.0,0,1,0,1,0,0,0
79129571,4.77114,0.0,0,1,0,1,0,0,0
79629553,4.78081,0.0,0,1,0,1,0,0,0
80129549,4.74697,0.0,0,1,0,1,0,0,0
80629549,4.77114,0.0,0,1,0,1,0,0,0
81129552,4.7647,0.0,0,1,0,1,0,0,0
81639567,4.76147,0.0,0,1,0,1,0,0,0
82139602,4.80659,0.0,0,1,0,1,0,0,0
82639549,4.84526,0.0,0,1,0,1,0,0,0
83139549,4.83237,0.0,0,1,0,1,0,0,0
83649549,4.8356,0.0,0,1,0,1,0,0,0
84149549,4.78081,0.0,0,1,0,1,0,0,0
84649549,4.84204,0.0,0,1,0,1,0,0,0
85149579,4.77275,0.0,0,1,0,1,0,0,0
85649549,4.77598,0.0,0,1,0,1,0,0,0
86159551,4.77275,0.0,0,1,0,1,0,0,0
86659580,4.77114,0.0,0,1,0,1,0,0,0
87159559,4.77759,0.0,0,1,0,1,0,0,0
87659552,4.7647,0.0,0,1,0,1,0,0,0
88159573,4.7792,0.0,0,1,0,1,0,0,0
88659549,4.78403,0.0,0,1,0,1,0,0,0
89159549,4.79048,0.0,0,1,0,1,0,0,0
89659549,4.83398,0.0,0,1,0,1,0,0,0
90159563,4.83398,0.0,0,1,0,1,0,0,0
90659549,4.81304,0.0,0,1,0,1,0,0,0
91169607,4.8227,0.0,0,1,0,1,0,0,0
91669588,4.83076,0.0,0,1,0,1,0,0,0
92169551,4.77114,0.0,0,1,0,1,0,0,0
92669549,4.77114,0.0,0,1,0,1,0,0,0
93169549,4.77275,0.0,0,1,0,1,0,0,0
93669549,4.78081,0.0,0,1,0,1,0,0,0
94179581,4.77759,0.0,0,1,0,1,0,0,0
94679562,4.74536,0.0,0,1,0,1,0,0,0
95179589,4.77598,0.0,0,1,0,1,0,0,0
95679549,4.77759,0.0,0,1,0,1,0,0,0
96179549,4.82593,0.0,0,1,0,1,0,0,0
96679591,4.84204,0.0,0,1,0,1,0,0,0
97189564,4.84204,0.0,0,1,0,1,0,0,0
97689549,4.84687,0.0,0,1,0,1,0,0,0
98189549,4.77436,0.0,0,1,0,1,0,0,0
98689549,4.84365,0.0,0,1,0,1,0,0,0
99189552,4.76631,0.0,0,1,0,1,0,0,0
99699549,4.75825,0.0,0,1,0,1,0,0,0
100199570,4.77275,0.0,0,1,0,1,0,0,0
100699549,4.71152,0.0,0,1,0,1,0,0,0
101199549,4.76147,0.0,0,1,0,1,0,0,0
101699553,4.75825,0.0,0,1,0,1,0,0,0
102209549,4.85171,0.0,0,1,0,1,0,0,0
102709549,4.7647,0.0,0,1,0,1,0,0,0
103209569,4.84526,0.0,0,1,0,1,0,0,0
103709549,4.81948,0.0,0,1,0,1,0,0,0
104209576,4.84204,0.0,0,1,0,1,0,0,0
104709549,4.83076,0.0,0,1,0,1,0,0,0
105209553,4.75503,0.0,0,1,0,1,0,0,0
105719549,4.76147,0.0,0,1,0,1,0,0,0
106219564,4.76309,0.0,0,1,0,1,0,0,0
106719590,4.75825,0.0,0,1,0,1,0,0,0
107219549,4.77114,0.0,0,1,0,1,0,0,0
107719549,4.77114,0.0,0,1,0,1,0,0,0
108219549,4.75986,0.0,0,1,0,1,0,0,0
108719558,4.84849,0.0,0,1,0,1,0,0,0
109219549,4.76953,0.0,0,1,0,1,0,0,0
109719588,4.84043,0.0,0,1,0,1,0,0,0
110219560,4.82432,0.0,0,1,0,1,0,0,0
110719571,4.83721,0.0,0,1,0,1,0,0,0
111229549,4.84204,0.0,0,1,0,1,0,0,0
111729586,4.74697,0.0,0,1,0,1,0,0,0
112229549,4.76953,0.0,0,1,0,1,0,0,0
112729569,4.75986,0.0,0,1,0,1,0,0,0
113229549,4.78403,0.0,0,1,0,1,0,0,0
113729549,4.7647,0.0,0,1,0,1,0,0,0
114229551,4.78242,0.0,0,1,0,1,0,0,0
114729549,4.77114,0.0,0,1,0,1,0,0,0
115239577,4.76147,0.0,0,1,0,1,0,0,0
115739586,4.76309,0.0,0,1,0,1,0,0,0
116239549,4.83076,0.0,0,1,0,1,0,0,0
116739557,4.82593,0.0,0,1,0,1,0,0,0
117239549,4.8356,0.0,0,1,0,1,0,0,0
117739549,4.80015,0.0,0,1,0,1,0,0,0
118239549,4.77114,0.0,0,1,0,1,0,0,0
118749560,4.76953,0.0,0,1,0,1,0,0,0
119249549,4.83882,0.0,0,1,0,1,0,0,0
119749573,4.77114,0.0,0,1,0,1,0,0,0
120249582,4.77275,0.0,0,1,0,1,0,0,0
120749549,4.75664,0.0,0,1,0,1,0,0,0
121249549,4.76792,0.0,0,1,0,1,0,0,0
121749549,4.75181,0.0,0,1,0,1,0,0,0
122249589,4.7792,0.0,0,1,0,1,0,0,0
122759548,4.76309,0.0,0,1,0,1,0,0,0
123259549,4.76147,0.0,0,1,0,1,0,0,0
123759549,4.83076,0.0,0,1,0,1,0,0,0
124259549,4.83882,0.0,0,1,0,1,0,0,0
124759549,4.8356,0.0,0,1,0,1,0,0,0
125259595,4.81626,0.0,0,1,0,1,0,0,0
125759549,4.82915,0.0,0,1,0,1,0,0,0
126269551,4.77114,0.0,0,1,0,1,0,0,0
126769549,4.75181,0.0,0,1,0,1,0,0,0
127269549,4.76309,0.0,0,1,0,1,0,0,0
127769549,4.77598,0.0,0,1,0,1,0,0,0
128269565,4.77759,0.0,0,1,0,1,0,0,0
128769549,4.83721,0.0,0,1,0,1,0,0,0
129269549,4.83882,0.0,0,1,0,1,0,0,0
129779549,4.82109,0.0,0,1,0,1,0,0,0
130279601,4.75825,0.0,0,1,0,1,0,0,0
130779549,4.82915,0.0,0,1,0,1,0,0,0
131279607,4.82593,0.0,0,1,0,1,0,0,0
131779549,4.81143,0.0,0,1,0,1,0,0,0
132279550,4.7647,0.0,0,1,0,1,0,0,0
132779549,4.76631,0.0,0,1,0,1,0,0,0
133279548,4.84204,0.0,0,1,0,1,0,0,0
133779583,4.76953,0.0,0,1,0,1,0,0,0
134289569,4.78564,0.0,0,1,0,1,0,0,0
134789591,4.75181,0.0,0,1,0,1,0,0,0
135289580,4.77436,0.0,0,1,0,1,0,0,0
135789549,4.7647,0.0,0,1,0,1,0,0,0
136289549,4.77759,0.0,0,1,0,1,0,0,0
136789549,4.83076,0.0,0,1,0,1,0,0,0
137289549,4.84526,0.0,0,1,0,1,0,0,0
137789613,4.85171,0.0,0,1,0,1,0,0,0
138299549,4.84687,0.0,0,1,0,1,0,0,0
138799549,4.77114,0.0,0,1,0,1,0,0,0
139299549,4.82915,0.0,0,1,0,1,0,0,0
139799549,4.77114,0.0,0,1,0,1,0,0,0
140299592,4.76147,0.0,0,1,0,1,0,0,0
140799569,4.77436,0.0,0,1,0,1,0,0,0
141299549,4.76147,0.0,0,1,0,1,0,0,0
141799575,4.75664,0.0,0,1,0,1,0,0,0
142299549,4.78081,0.0,0,1,0,1,0,0,0
142799552,4.78403,0.0,0,1,0,1,0,0,0
143299549,4.78726,0.0,0,1,0,1,0,0,0
143809598,4.83237,0.0,0,1,0,1,0,0,0
144309549,4.84365,0.0,0,1,0,1,0,0,0
144809549,4.80981,0.0,0,1,0,1,0,0,0
145309565,4.77759,0.0,0,1,0,1,0,0,0
145809550,4.84204,0.0,0,1,0,1,0,0,0
146309549,4.78081,0.0,0,1,0,1,0,0,0
146809549,4.76147,0.0,0,1,0,1,0,0,0
147309571,4.78081,0.0,0,1,0,1,0,0,0
147809549,4.7647,0.0,0,1,0,1,0,0,0
148309576,4.78403,0.0,0,1,0,1,0,0,0
148809554,4.75181,0.0,0,1,0,1,0,0,0
149309562,4.77759,0.0,0,1,0,1,0,0,0
149819549,4.83721,0.0,0,1,0,1,0,0,0
150319595,4.78242,0.0,0,1,0,1,0,0,0
150819549,4.83882,0.0,0,1,0,1,0,0,0
151319549,4.82915,0.0,0,1,0,1,0,0,0
151819549,4.81626,0.0,0,1,0,1,0,0,0
152319549,4.83237,0.0,0,1,0,1,0,0,0
152819555,4.77114,0.0,0,1,0,1,0,0,0
153329611,4.75825,0.0,0,1,0,1,0,0,0
153829571,4.77759,0.0,0,1,0,1,0,0,0
154329549,4.77114,0.0,0,1,0,1,0,0,0
154829566,4.77114,0.0,0,1,0,1,0,0,0
155329560,4.77114,0.0,0,1,0,1,0,0,0
155829549,4.76309,0.0,0,1,0,1,0,0,0
156339569,4.74536,0.0,0,1,0,1,0,0,0
156839593,4.76792,0.0,0,1,0,1,0,0,0
157339592,4.75181,0.0,0,1,0,1,0,0,0
157839549,4.8227,0.0,0,1,0,1,0,0,0
158339550,4.81787,0.0,0,1,0,1,0,0,0
158839559,4.8356,0.0,0,1,0,1,0,0,0
159349571,4.7647,0.0,0,1,0,1,0,0,0
159849590,4.77114,0.0,0,1,0,1,0,0,0
160349586,4.84365,0.0,0,1,0,1,0,0,0
160849549,4.83237,0.0,0,1,0,1,0,0,0
161349549,4.77114,0.0,0,1,0,1,0,0,0
161849549,4.77275,0.0,0,1,0,1,0,0,0
162349549,4.77436,0.0,0,1,0,1,0,0,0
162859549,4.77598,0.0,0,1,0,1,0,0,0
163359549,4.77275,0.0,0,1,0,1,0,0,0
163859560,4.77114,0.0,0,1,0,1,0,0,0
164359549,4.82915,0.0,0,1,0,1,0,0,0
164859552,4.83882,0.0,0,1,0,1,0,0,0
165359549,4.82432,0.0,0,1,0,1,0,0,0
165859580,4.82432,0.0,0,1,0,1,0,0,0
166359551,4.76792,0.0,0,1,0,1,0,0,0
166859552,4.77114,0.0,0,1,0,1,0,0,0
167359549,4.76147,0.0,0,1,0,1,0,0,0
167859549,4.77436,0.0,0,1,0,1,0,0,0
168369549,4.77436,0.0,0,1,0,1,0,0,0
168869559,4.7792,0.0,0,1,0,1,0,0,0
169369549,4.77114,0.0,0,1,0,1,0,0,0
169869556,4.74697,0.0,0,1,0,1,0,0,0
170379549,4.82432,0.0,0,1,0,1,0,0,0
170879552,4.8356,0.0,0,1,0,1,0,0,0
171379549,4.83721,0.0,0,1,0,1,0,0,0
171879579,4.81948,0.0,0,1,0,1,0,0,0
172379561,4.78242,0.0,0,1,0,1,0,0,0
172879573,4.77275,0.0,0,1,0,1,0,0,0
173379548,4.82754,0.0,0,1,0,1,0,0,0
173879587,4.76792,0.0,0,1,0,1,0,0,0
174379553,4.83237,0.0,0,1,0,1,0,0,0
174889566,4.77275,0.0,0,1,0,1,0,0,0
175389549,4.76792,0.0,0,1,0,1,0,0,0
175889549,4.76953,0.0,0,1,0,1,0,0,0
176389549,4.75503,0.0,0,1,0,1,0,0,0
176889549,4.77436,0.0,0,1,0,1,0,0,0
177389549,4.78081,0.0,0,1,0,1,0,0,0
177899569,4.82915,0.0,0,1,0,1,0,0,0
178399549,4.81626,0.0,0,1,0,1,0,0,0
178899599,4.76953,0.0,0,1,0,1,0,0,0
179399588,4.7502,0.0,0,1,0,1,0,0,0
179909549,4.8356,0.0,0,1,0,1,0,0,0
180409549,4.76631,0.0,0,1,0,1,0,0,0
180909569,4.77275,0.0,0,1,0,1,0,0,0
181409549,4.76953,0.0,0,1,0,1,0,0,0
181909560,4.77114,0.0,0,1,0,1,0,0,0
182419549,4.76147,0.0,0,1,0,1,0,0,0
182919549,4.78403,0.0,0,1,0,1,0,0,0
183419550,4.8356,0.0,0,1,0,1,0,0,0
183919569,4.83721,0.0,0,1,0,1,0,0,0
184419549,4.76953,0.0,0,1,0,1,0,0,0
184919549,4.84204,0.0,0,1,0,1,0,0,0
185419559,4.84204,0.0,0,1,0,1,0,0,0
185929549,4.8356,0.0,0,1,0,1,0,0,0
186429550,4.77759,0.0,0,1,0,1,0,0,0
186929609,4.77436,0.0,0,1,0,1,0,0,0
187429549,4.77759,0.0,0,1,0,1,0,0,0
187929549,4.7792,0.0,0,1,0,1,0,0,0
188429549,4.78242,0.0,0,1,0,1,0,0,0
188929566,4.76953,0.0,0,1,0,1,0,0,0
189429561,4.78242,0.0,0,1,0,1,0,0,0
189929549,4.76792,0.0,0,1,0,1,0,0,0
190429572,4.78081,0.0,0,1,0,1,0,0,0
190939572,4.81948,0.0,0,1,0,1,0,0,0
191439549,4.77436,0.0,0,1,0,1,0,0,0
191939549,4.81948,0.0,0,1,0,1,0,0,0
192439557,4.84204,0.0,0,1,0,1,0,0,0
192939549,4.75181,0.0,0,1,0,1,0,0,0
193439613,4.76309,0.0,0,1,0,1,0,0,0
193939558,4.8227,0.0,0,1,0,1,0,0,0
194439560,4.76792,0.0,0,1,0,1,0,0,0
194939549,4.75825,0.0,0,1,0,1,0,0,0
195439549,4.7647,0.0,0,1,0,1,0,0,0
195949564,4.77114,0.0,0,1,0,1,0,0,0
196449571,4.76792,0.0,0,1,0,1,0,0,0
196949553,4.76631,0.0,0,1,0,1,0,0,0
197449588,4.8356,0.0,0,1,0,1,0,0,0
197949555,4.82754,0.0,0,1,0,1,0,0,0
198449549,4.84365,0.0,0,1,0,1,0,0,0
198959596,4.83882,0.0,0,1,0,1,0,0,0
199459569,4.84365,0.0,0,1,0,1,0,0,0
199959563,4.82915,0.0,0,1,0,1,0,0,0
200459549,4.77114,0.0,0,1,0,1,0,0,0
200959549,4.81304,0.0,0,1,0,1,0,0,0
201469550,4.76792,0.0,0,1,0,1,0,0,0
201969549,4.77114,0.0,0,1,0,1,0,0,0
202469615,4.77598,0.0,0,1,0,1,0,0,0
202969549,4.73408,0.0,0,1,0,1,0,0,0
203469549,4.8082,0.0,0,1,0,1,0,0,0
203969549,4.76792,0.0,0,1,0,1,0,0,0
204469549,4.83398,0.0,0,1,0,1,0,0,0
204969549,4.84204,0.0,0,1,0,1,0,0,0
205479571,4.8082,0.0,0,1,0,1,0,0,0
205979595,4.83721,0.0,0,1,0,1,0,0,0
206479574,4.84204,0.0,0,1,0,1,0,0,0
206979549,4.78081,0.0,0,1,0,1,0,0,0
207479565,4.76309,0.0,0,1,0,1,0,0,0
207979558,4.77759,0.0,0,1,0,1,0,0,0
208479549,4.76792,0.0,0,1,0,1,0,0,0
208979610,4.7373,0.0,0,1,0,1,0,0,0
209479561,4.76792,0.0,0,1,0,1,0,0,0
209979553,4.76147,0.0,0,1,0,1,0,0,0
210489552,4.77436,0.0,0,1,0,1,0,0,0
210989549,4.77598,0.0,0,1,0,1,0,0,0
211489561,4.83076,0.0,0,1,0,1,0,0,0
211989580,4.83076,0.0,0,1,0,1,0,0,0
212489574,4.84849,0.0,0,1,0,1,0,0,0
212989571,4.79531,0.0,0,1,0,1,0,0,0
213489550,4.81143,0.0,0,1,0,1,0,0,0
213989549,4.77436,0.0,0,1,0,1,0,0,0
214489549,4.77114,0.0,0,1,0,1,0,0,0
214999558,4.77114,0.0,0,1,0,1,0,0,0
215499549,4.77598,0.0,0,1,0,1,0,0,0
215999549,4.76631,0.0,0,1,0,1,0,0,0
216499549,4.76147,0.0,0,1,0,1,0,0,0
216999549,4.77759,0.0,0,1,0,1,0,0,0
217499577,4.77436,0.0,0,1,0,1,0,0,0
218009607,4.80659,0.0,0,1,0,1,0,0,0
218509561,4.84849,0.0,0,1,0,1,0,0,0
219009549,4.8356,0.0,0,1,0,1,0,0,0
219509549,4.83398,0.0,0,1,0,1,0,0,0
220009549,4.83882,0.0,0,1,0,1,0,0,0
220509549,4.7792,0.0,0,1,0,1,0,0,0
221009575,4.77598,0.0,0,1,0,1,0,0,0
221509565,4.76953,0.0,0,1,0,1,0,0,0
222009549,4.76792,0.0,0,1,0,1,0,0,0
222509581,4.73247,0.0,0,1,0,1,0,0,0
223009550,4.76953,0.0,0,1,0,1,0,0,0
223519557,4.77114,0.0,0,1,0,1,0,0,0
224019549,4.75664,0.0,0,1,0,1,0,0,0
224519612,4.80015,0.0,0,1,0,1,0,0,0
225019549,4.78081,0.0,0,1,0,1,0,0,0
225519549,4.77275,0.0,0,1,0,1,0,0,0
226019554,4.8356,0.0,0,1,0,1,0,0,0
226519551,4.83882,0.0,0,1,0,1,0,0,0
227029549,4.8356,0.0,0,1,0,1,0,0,0
227529570,4.77436,0.0,0,1,0,1,0,0,0
228029549,4.76792,0.0,0,1,0,1,0,0,0
228529576,4.76792,0.0,0,1,0,1,0,0,0
229029549,4.76147,0.0,0,1,0,1,0,0,0
229529549,4.76953,0.0,0,1,0,1,0,0,0
230029555,4.75986,0.0,0,1,0,1,0,0,0
230539564,4.75503,0.0,0,1,0,1,0,0,0
231039559,4.84526,0.0,0,1,0,1,0,0,0
231539549,4.74858,0.0,0,1,0,1,0,0,0
232049549,4.84043,0.0,0,1,0,1,0,0,0
232549572,4.83237,0.0,0,1,0,1,0,0,0
233049549,4.77114,0.0,0,1,0,1,0,0,0
233549609,4.81304,0.0,0,1,0,1,0,0,0
234049560,4.77436,0.0,0,1,0,1,0,0,0
234549549,4.77436,0.0,0,1,0,1,0,0,0
235059577,4.74053,0.0,0,1,0,1,0,0,0
235559548,4.77436,0.0,0,1,0,1,0,0,0
236069601,4.76309,0.0,0,1,0,1,0,0,0
236569549,4.74375,0.0,0,1,0,1,0,0,0
237069549,4.77598,0.0,0,1,0,1,0,0,0
237569584,4.79209,0.0,0,1,0,1,0,0,0
238069556,4.77114,0.0,0,1,0,1,0,0,0
238569549,4.81626,0.0,0,1,0,1,0,0,0
239069549,4.82915,0.0,0,1,0,1,0,0,0
239569569,4.83398,0.0,0,1,0,1,0,0,0
240069549,4.82915,0.0,0,1,0,1,0,0,0
240579592,4.7792,0.0,0,1,0,1,0,0,0
241079571,4.83237,0.0,0,1,0,1,0,0,0
241579549,4.77114,0.0,0,1,0,1,0,0,0
242079550,4.77759,0.0,0,1,0,1,0,0,0
242579609,4.78081,0.0,0,1,0,1,0,0,0
243079591,4.77598,0.0,0,1,0,1,0,0,0
243579549,4.77759,0.0,0,1,0,1,0,0,0
244079549,4.77436,0.0,0,1,0,1,0,0,0
244579554,4.83882,0.0,0,1,0,1,0,0,0
245079581,4.78081,0.0,0,1,0,1,0,0,0
245589571,4.82915,0.0,0,1,0,1,0,0,0
246089578,4.82915,0.0,0,1,0,1,0,0,0
246589571,4.84365,0.0,0,1,0,1,0,0,0
247089549,4.83398,0.0,0,1,0,1,0,0,0
247589549,4.84849,0.0,0,1,0,1,0,0,0
248089549,4.76147,0.0,0,1,0,1,0,0,0
248589549,4.76631,0.0,0,1,0,1,0,0,0
249089602,4.75342,0.0,0,1,0,1,0,0,0
249599549,4.76147,0.0,0,1,0,1,0,0,0
250099547,4.7647,0.0,0,1,0,1,0,0,0
250599549,4.77114,0.0,0,1,0,1,0,0,0
251099586,4.76792,0.0,0,1,0,1,0,0,0
251599549,4.77275,0.0,0,1,0,1,0,0,0
252099584,4.78403,0.0,0,1,0,1,0,0,0
252599549,4.81626,0.0,0,1,0,1,0,0,0
253099571,4.82432,0.0,0,1,0,1,0,0,0
253599549,4.82593,0.0,0,1,0,1,0,0,0
254109549,4.83237,0.0,0,1,0,1,0,0,0
254609552,4.76953,0.0,0,1,0,1,0,0,0
255109569,4.75664,0.0,0,1,0,1,0,0,0
255619571,4.76953,0.0,0,1,0,1,0,0,0
256119585,4.7647,0.0,0,1,0,1,0,0,0
256619548,4.77114,0.0,0,1,0,1,0,0,0
257129549,4.77114,0.0,0,1,0,1,0,0,0
257629571,4.77436,0.0,0,1,0,1,0,0,0
258129549,4.7647,0.0,0,1,0,1,0,0,0
258629549,4.75664,0.0,0,1,0,1,0,0,0
259129549,4.83237,0.0,0,1,0,1,0,0,0
259629565,4.80981,0.0,0,1,0,1,0,0,0
260129549,4.83882,0.0,0,1,0,1,0,0,0
260639611,4.83398,0.0,0,1,0,1,0,0,0
261139612,4.74858,0.0,0,1,0,1,0,0,0
261639565,4.7937,0.0,0,1,0,1,0,0,0
262139548,4.7647,0.0,0,1,0,1,0,0,0
262639566,4.7792,0.0,0,1,0,1,0,0,0
263139549,4.74536,0.0,0,1,0,1,0,0,0
263639549,4.77598,0.0,0,1,0,1,0,0,0
264139561,4.81626,0.0,0,1,0,1,0,0,0
264639549,4.77114,0.0,0,1,0,1,0,0,0
265139549,4.75503,0.0,0,1,0,1,0,0,0
265639549,4.8356,0.0,0,1,0,1,0,0,0
266139568,4.76147,0.0,0,1,0,1,0,0,0
266639549,4.82593,0.0,0,1,0,1,0,0,0
267149609,4.8356,0.0,0,1,0,1,0,0,0
267649558,4.83882,0.0,0,1,0,1,0,0,0
268149549,4.8356,0.0,0,1,0,1,0,0,0
268649549,4.77114,0.0,0,1,0,1,0,0,0
269149549,4.76147,0.0,0,1,0,1,0,0,0
269649549,4.76792,0.0,0,1,0,1,0,0,0
270149549,4.76631,0.0,0,1,0,1,0,0,0
270649570,4.77114,0.0,0,1,0,1,0,0,0
271149557,4.76953,0.0,0,1,0,1,0,0,0
271649549,4.7647,0.0,0,1,0,1,0,0,0
272149549,4.7647,0.0,0,1,0,1,0,0,0
272659549,4.78726,0.0,0,1,0,1,0,0,0
273159549,4.84526,0.0,0,1,0,1,0,0,0
273659589,4.84849,0.0,0,1,0,1,0,0,0
274159549,4.77436,0.0,0,1,0,1,0,0,0
274659549,4.80337,0.0,0,1,0,1,0,0,0
275169549,4.76147,0.0,0,1,0,1,0,0,0
275669549,4.76953,0.0,0,1,0,1,0,0,0
276169580,4.77275,0.0,0,1,0,1,0,0,0
276669571,4.77114,0.0,0,1,0,1,0,0,0
277179549,4.77436,0.0,0,1,0,1,0,0,0
277679549,4.77436,0.0,0,1,0,1,0,0,0
278179549,4.77114,0.0,0,1,0,1,0,0,0
278679549,4.78081,0.0,0,1,0,1,0,0,0
279179549,4.8227,0.0,0,1,0,1,0,0,0
279679577,4.82915,0.0,0,1,0,1,0,0,0
280189572,4.83882,0.0,0,1,0,1,0,0,0
280689558,4.84849,0.0,0,1,0,1,0,0,0
281189549,4.84204,0.0,0,1,0,1,0,0,0
281689549,4.77114,0.0,0,1,0,1,0,0,0
282189549,4.76309,0.0,0,1,0,1,0,0,0
282689613,4.76792,0.0,0,1,0,1,0,0,0
283189549,4.7792,0.0,0,1,0,1,0,0,0
283689549,4.76953,0.0,0,1,0,1,0,0,0
284189549,4.76953,0.0,0,1,0,1,0,0,0
284689568,4.77275,0.0,0,1,0,1,0,0,0
285199549,4.76953,0.0,0,1,0,1,0,0,0
285699564,4.8356,0.0,0,1,0,1,0,0,0
286199549,4.84204,0.0,0,1,0,1,0,0,0
286699575,4.84204,0.0,0,1,0,1,0,0,0
287199549,4.84043,0.0,0,1,0,1,0,0,0
287699549,4.83882,0.0,0,1,0,1,0,0,0
288199549,4.84849,0.0,0,1,0,1,0,0,0
288709571,4.7792,0.0,0,1,0,1,0,0,0
289209557,4.77436,0.0,0,1,0,1,0,0,0
289709596,4.8501,0.0,0,1,0,1,0,0,0
290209549,4.82593,0.0,0,1,0,1,0,0,0
290709549,4.77436,0.0,0,1,0,1,0,0,0
291209550,4.77114,0.0,0,1,0,1,0,0,0
291709549,4.76147,0.0,0,1,0,1,0,0,0
292209569,4.77759,0.0,0,1,0,1,0,0,0
292709558,4.76953,0.0,0,1,0,1,0,0,0
293209585,4.8227,0.0,0,1,0,1,0,0,0
293709549,4.84526,0.0,0,1,0,1,0,0,0
294209549,4.8501,0.0,0,1,0,1,0,0,0
294719575,4.84204,0.0,0,1,0,1,0,0,0
295219564,4.77436,0.0,0,1,0,1,0,0,0
295719549,4.77114,0.0,0,1,0,1,0,0,0
296219548,4.77436,0.0,0,1,0,1,0,0,0
296719556,4.76953,0.0,0,1,0,1,0,0,0
297219549,4.77436,0.0,0,1,0,1,0,0,0
297719549,4.76631,0.0,0,1,0,1,0,0,0
298219549,4.7792,0.0,0,1,0,1,0,0,0
298729560,4.7647,0.0,0,1,0,1,0,0,0
299229557,4.78081,0.0,0,1,0,1,0,0,0
299729581,4.8356,0.0,0,1,0,1,0,0,0
300229549,4.77275,0.0,0,1,0,1,0,0,0
300729549,4.83237,0.0,0,1,0,1,0,0,0
301239569,4.8356,0.0,0,1,0,1,0,0,0
301739564,4.8227,0.0,0,1,0,1,0,0,0
302239573,4.78403,0.0,0,1,0,1,0,0,0
302739549,4.75825,0.0,0,1,0,1,0,0,0
303239549,4.80659,0.0,0,1,0,1,0,0,0
303739549,4.75503,0.0,0,1,0,1,0,0,0
304239549,4.78564,0.0,0,1,0,1,0,0,0
304739582,4.7647,0.0,0,1,0,1,0,0,0
305249549,4.84365,0.0,0,1,0,1,0,0,0
305749549,4.75503,0.0,0,1,0,1,0,0,0
306249558,4.77114,0.0,0,1,0,1,0,0,0
306749552,4.76631,0.0,0,1,0,1,0,0,0
307249549,4.83882,0.0,0,1,0,1,0,0,0
307749571,4.82915,0.0,0,1,0,1,0,0,0
308249594,4.83721,0.0,0,1,0,1,0,0,0
308749579,4.81948,0.0,0,1,0,1,0,0,0
309249550,4.83882,0.0,0,1,0,1,0,0,0
309749592,4.76792,0.0,0,1,0,1,0,0,0
310249549,4.77436,0.0,0,1,0,1,0,0,0
310749551,4.75986,0.0,0,1,0,1,0,0,0
311259549,4.7502,0.0,0,1,0,1,0,0,0
311759570,4.76792,0.0,0,1,0,1,0,0,0
312259549,4.7647,0.0,0,1,0,1,0,0,0
312759549,4.79048,0.0,0,1,0,1,0,0,0
313259549,4.8356,0.0,0,1,0,1,0,0,0
313759549,4.84204,0.0,0,1,0,1,0,0,0
314259564,4.84204,0.0,0,1,0,1,0,0,0
314759595,4.75342,0.0,0,1,0,1,0,0,0
315259585,4.84204,0.0,0,1,0,1,0,0,0
315769549,4.77759,0.0,0,1,0,1,0,0,0
316269563,4.80337,0.0,0,1,0,1,0,0,0
316769549,4.77436,0.0,0,1,0,1,0,0,0
317269585,4.75825,0.0,0,1,0,1,0,0,0
317779576,4.7792,0.0,0,1,0,1,0,0,0
318279598,4.7647,0.0,0,1,0,1,0,0,0
318779549,4.77114,0.0,0,1,0,1,0,0,0
319279549,4.76792,0.0,0,1,0,1,0,0,0
319779575,4.83882,0.0,0,1,0,1,0,0,0
320279611,4.8356,0.0,0,1,0,1,0,0,0
320779551,4.84204,0.0,0,1,0,1,0,0,0
321279549,4.83237,0.0,0,1,0,1,0,0,0
321779549,4.77114,0.0,0,1,0,1,0,0,0
322279549,4.82754,0.0,0,1,0,1,0,0,0
322779550,4.7647,0.0,0,1,0,1,0,0,0
323289567,4.77598,0.0,0,1,0,1,0,0,0
323789549,4.76309,0.0,0,1,0,1,0,0,0
324289572,4.76953,0.0,0,1,0,1,0,0,0
324789579,4.77436,0.0,0,1,0,1,0,0,0
325289556,4.77759,0.0,0,1,0,1,0,0,0
325789549,4.76953,0.0,0,1,0,1,0,0,0
326289549,4.76953,0.0,0,1,0,1,0,0,0
326799549,4.77759,0.0,0,1,0,1,0,0,0
327299549,4.83882,0.0,0,1,0,1,0,0,0
327799549,4.83882,0.0,0,1,0,1,0,0,0
328299591,4.77275,0.0,0,1,0,1,0,0,0
328799549,4.8227,0.0,0,1,0,1,0,0,0
329299549,4.77436,0.0,0,1,0,1,0,0,0
329799603,4.76792,0.0,0,1,0,1,0,0,0
330299556,4.76953,0.0,0,1,0,1,0,0,0
330799573,4.7647,0.0,0,1,0,1,0,0,0
331299549,4.77114,0.0,0,1,0,1,0,0,0
331799549,4.76953,0.0,0,1,0,1,0,0,0
332299549,4.7647,0.0,0,1,0,1,0,0,0
332809565,4.78081,0.0,0,1,0,1,0,0,0
333309556,4.76953,0.0,0,1,0,1,0,0,0
333809549,4.83882,0.0,0,1,0,1,0,0,0
334309549,4.84043,0.0,0,1,0,1,0,0,0
334809595,4.84204,0.0,0,1,0,1,0,0,0
335309549,4.83882,0.0,0,1,0,1,0,0,0
335809549,4.82432,0.0,0,1,0,1,0,0,0
336309564,4.77436,0.0,0,1,0,1,0,0,0
336819549,4.75986,0.0,0,1,0,1,0,0,0
337319549,4.75986,0.0,0,1,0,1,0,0,0
337819549,4.75664,0.0,0,1,0,1,0,0,0
338319582,4.77114,0.0,0,1,0,1,0,0,0
338829571,4.78081,0.0,0,1,0,1,0,0,0
339329595,4.75342,0.0,0,1,0,1,0,0,0
339829576,4.76792,0.0,0,1,0,1,0,0,0
340329563,4.7792,0.0,0,1,0,1,0,0,0
340829549,4.83882,0.0,0,1,0,1,0,0,0
341329549,4.8356,0.0,0,1,0,1,0,0,0
341829549,4.78242,0.0,0,1,0,1,0,0,0
342339549,4.8356,0.0,0,1,0,1,0,0,0
342839557,4.77436,0.0,0,1,0,1,0,0,0
343339575,4.76147,0.0,0,1,0,1,0,0,0
343839549,4.77114,0.0,0,1,0,1,0,0,0
344339549,4.7502,0.0,0,1,0,1,0,0,0
344839561,4.78242,0.0,0,1,0,1,0,0,0
345339564,4.76147,0.0,0,1,0,1,0,0,0
345839548,4.7647,0.0,0,1,0,1,0,0,0
346339571,4.83882,0.0,0,1,0,1,0,0,0
346849549,4.83398,0.0,0,1,0,1,0,0,0
347349549,4.78726,0.0,0,1,0,1,0,0,0
347859564,4.8227,0.0,0,1,0,1,0,0,0
348359551,4.82915,0.0,0,1,0,1,0,0,0
348859571,4.8082,0.0,0,1,0,1,0,0,0
349359550,4.76792,0.0,0,1,0,1,0,0,0
349859550,4.76953,0.0,0,1,0,1,0,0,0
350359549,4.76953,0.0,0,1,0,1,0,0,0
350859549,4.78081,0.0,0,1,0,1,0,0,0
351369549,4.75986,0.0,0,1,0,1,0,0,0
351869549,4.7647,0.0,0,1,0,1,0,0,0
352369556,4.76953,0.0,0,1,0,1,0,0,0
352869549,4.76953,0.0,0,1,0,1,0,0,0
353369560,4.77436,0.0,0,1,0,1,0,0,0
353869549,4.77436,0.0,0,1,0,1,0,0,0
354369564,4.77759,0.0,0,1,0,1,0,0,0
354869549,4.82915,0.0,0,1,0,1,0,0,0
355369561,4.83721,0.0,0,1,0,1,0,0,0
355879548,4.83398,0.0,0,1,0,1,0,0,0
356379549,4.78081,0.0,0,1,0,1,0,0,0
356879549,4.7647,0.0,0,1,0,1,0,0,0
357379571,4.77436,0.0,0,1,0,1,0,0,0
357889559,4.77598,0.0,0,1,0,1,0,0,0
358389570,4.77114,0.0,0,1,0,1,0,0,0
358889549,4.76147,0.0,0,1,0,1,0,0,0
359389549,4.74858,0.0,0,1,0,1,0,0,0
359889556,4.75825,0.0,0,1,0,1,0,0,0
360399552,4.77598,0.0,0,1,0,1,0,0,0
360899549,4.83882,0.0,0,1,0,1,0,0,0
361399549,4.8227,0.0,0,1,0,1,0,0,0
361899584,4.83882,0.0,0,1,0,1,0,0,0
362399549,4.81948,0.0,0,1,0,1,0,0,0
362899548,4.76953,0.0,0,1,0,1,0,0,0
363399599,4.75825,0.0,0,1,0,1,0,0,0
363899595,4.7647,0.0,0,1,0,1,0,0,0
364399571,4.77759,0.0,0,1,0,1,0,0,0
364899549,4.76147,0.0,0,1,0,1,0,0,0
365399551,4.77114,0.0,0,1,0,1,0,0,0
365899549,4.76147,0.0,0,1,0,1,0,0,0
366409570,4.74858,0.0,0,1,0,1,0,0,0
366909551,4.81787,0.0,0,1,0,1,0,0,0
367409549,4.76792,0.0,0,1,0,1,0,0,0
367919551,4.83882,0.0,0,1,0,1,0,0,0
368419549,4.83882,0.0,0,1,0,1,0,0,0
368919549,4.79692,0.0,0,1,0,1,0,0,0
369419611,4.84204,0.0,0,1,0,1,0,0,0
369919549,4.78726,0.0,0,1,0,1,0,0,0
370419549,4.77759,0.0,0,1,0,1,0,0,0
370929549,4.77114,0.0,0,1,0,1,0,0,0
371429549,4.77436,0.0,0,1,0,1,0,0,0
371929582,4.76309,0.0,0,1,0,1,0,0,0
372429583,4.77759,0.0,0,1,0,1,0,0,0
372929549,4.76953,0.0,0,1,0,1,0,0,0
373429572,4.77275,0.0,0,1,0,1,0,0,0
373929549,4.75503,0.0,0,1,0,1,0,0,0
374429549,4.75825,0.0,0,1,0,1,0,0,0
374929549,4.75342,0.0,0,1,0,1,0,0,0
375429549,4.82915,0.0,0,1,0,1,0,0,0
375929617,4.82109,0.0,0,1,0,1,0,0,0
376429549,4.80659,0.0,0,1,0,1,0,0,0
376939583,4.74858,0.0,0,1,0,1,0,0,0
377439549,4.77114,0.0,0,1,0,1,0,0,0
377939549,4.77759,0.0,0,1,0,1,0,0,0
378439549,4.7647,0.0,0,1,0,1,0,0,0
378939566,4.7647,0.0,0,1,0,1,0,0,0
379439549,4.7647,0.0,0,1,0,1,0,0,0
379939571,4.76147,0.0,0,1,0,1,0,0,0
380449549,4.75181,0.0,0,1,0,1,0,0,0
380949549,4.76792,0.0,0,1,0,1,0,0,0
381449549,4.83237,0.0,0,1,0,1,0,0,0
381949549,4.83076,0.0,0,1,0,1,0,0,0
382449549,4.83237,0.0,0,1,0,1,0,0,0
382949549,4.81948,0.0,0,1,0,1,0,0,0
383449549,4.77598,0.0,0,1,0,1,0,0,0
383949560,4.7647,0.0,0,1,0,1,0,0,0
384449549,4.75825,0.0,0,1,0,1,0,0,0
384949549,4.75986,0.0,0,1,0,1,0,0,0
385449570,4.74053,0.0,0,1,0,1,0,0,0
385949549,4.74536,0.0,0,1,0,1,0,0,0
386449576,4.78081,0.0,0,1,0,1,0,0,0
386949587,4.76953,0.0,0,1,0,1,0,0,0
387449549,4.7647,0.0,0,1,0,1,0,0,0
387959556,4.81787,0.0,0,1,0,1,0,0,0
388459573,4.83398,0.0,0,1,0,1,0,0,0
388959548,4.82593,0.0,0,1,0,1,0,0,0
389459549,4.83237,0.0,0,1,0,1,0,0,0
389959549,4.75664,0.0,0,1,0,1,0,0,0
390459553,4.77114,0.0,0,1,0,1,0,0,0
390969549,4.78242,0.0,0,1,0,1,0,0,0
391469602,4.85171,0.0,0,1,0,1,0,0,0
391969585,4.77436,0.0,0,1,0,1,0,0,0
392469560,4.77598,0.0,0,1,0,1,0,0,0
392969555,4.77598,0.0,0,1,0,1,0,0,0
393469550,4.82754,0.0,0,1,0,1,0,0,0
393969549,4.84204,0.0,0,1,0,1,0,0,0
394479569,4.79692,0.0,0,1,0,1,0,0,0
394979593,4.8356,0.0,0,1,0,1,0,0,0
395479579,4.84849,0.0,0,1,0,1,0,0,0
395979549,4.8356,0.0,0,1,0,1,0,0,0
396479549,4.78242,0.0,0,1,0,1,0,0,0
396979590,4.83237,0.0,0,1,0,1,0,0,0
397479549,4.77759,0.0,0,1,0,1,0,0,0
397979607,4.77436,0.0,0,1,0,1,0,0,0
398489549,4.77114,0.0,0,1,0,1,0,0,0
398989549,4.78403,0.0,0,1,0,1,0,0,0
399489549,4.75825,0.0,0,1,0,1,0,0,0
399989549,4.78081,0.0,0,1,0,1,0,0,0
400489549,4.77598,0.0,0,1,0,1,0,0,0
400989563,4.77759,0.0,0,1,0,1,0,0,0
401499549,4.8356,0.0,0,1,0,1,0,0,0
401999572,4.84365,0.0,0,1,0,1,0,0,0
402499558,4.83237,0.0,0,1,0,1,0,0,0
402999549,4.76792,0.0,0,1,0,1,0,0,0
403499549,4.84204,0.0,0,1,0,1,0,0,0
403999571,4.84204,0.0,0,1,0,1,0,0,0
404499564,4.77114,0.0,0,1,0,1,0,0,0
404999549,4.76953,0.0,0,1,0,1,0,0,0
405499588,4.76147,0.0,0,1,0,1,0,0,0
406009549,4.77436,0.0,0,1,0,1,0,0,0
406509592,4.77275,0.0,0,1,0,1,0,0,0
407009651,4.77114,0.0,0,1,0,1,0,0,0
407509549,4.76309,0.0,0,1,0,1,0,0,0
408009549,4.77759,0.0,0,1,0,1,0,0,0
408509549,4.8356,0.0,0,1,0,1,0,0,0
409009549,4.8356,0.0,0,1,0,1,0,0,0
409509549,4.84204,0.0,0,1,0,1,0,0,0
410019567,4.77759,0.0,0,1,0,1,0,0,0
410519560,4.7647,0.0,0,1,0,1,0,0,0
411019549,4.84849,0.0,0,1,0,1,0,0,0
411519606,4.81304,0.0,0,1,0,1,0,0,0
412019564,4.78564,0.0,0,1,0,1,0,0,0
412519550,4.76631,0.0,0,1,0,1,0,0,0
413019550,4.75986,0.0,0,1,0,1,0,0,0
413529549,4.7647,0.0,0,1,0,1,0,0,0
414029549,4.83398,0.0,0,1,0,1,0,0,0
414529549,4.84043,0.0,0,1,0,1,0,0,0
415029549,4.76792,0.0,0,1,0,1,0,0,0
415529566,4.84849,0.0,0,1,0,1,0,0,0
416029549,4.7647,0.0,0,1,0,1,0,0,0
416529571,4.83882,0.0,0,1,0,1,0,0,0
417029569,4.78081,0.0,0,1,0,1,0,0,0
417529572,4.84204,0.0,0,1,0,1,0,0,0
418029550,4.84526,0.0,0,1,0,1,0,0,0
418529549,4.77114,0.0,0,1,0,1,0,0,0
419029549,4.77759,0.0,0,1,0,1,0,0,0
419539571,4.76631,0.0,0,1,0,1,0,0,0
420039596,4.84849,0.0,0,1,0,1,0,0,0
420539570,4.7647,0.0,0,1,0,1,0,0,0
421039549,4.7647,0.0,0,1,0,1,0,0,0
421539549,4.77759,0.0,0,1,0,1,0,0,0
422039573,4.83237,0.0,0,1,0,1,0,0,0
422549608,4.8227,0.0,0,1,0,1,0,0,0
423049549,4.84526,0.0,0,1,0,1,0,0,0
423549549,4.76147,0.0,0,1,0,1,0,0,0
424049549,4.77436,0.0,0,1,0,1,0,0,0
424549557,4.78726,0.0,0,1,0,1,0,0,0
425049549,4.7647,0.0,0,1,0,1,0,0,0
425549560,4.75664,0.0,0,1,0,1,0,0,0
426049571,4.76953,0.0,0,1,0,1,0,0,0
426549549,4.73247,0.0,0,1,0,1,0,0,0
427049549,4.77598,0.0,0,1,0,1,0,0,0
427549549,4.75825,0.0,0,1,0,1,0,0,0
428059549,4.77598,0.0,0,1,0,1,0,0,0
428559549,4.82593,0.0,0,1,0,1,0,0,0
429059605,4.81626,0.0,0,1,0,1,0,0,0
429559549,4.82432,0.0,0,1,0,1,0,0,0
430059564,4.77436,0.0,0,1,0,1,0,0,0
430559566,4.75825,0.0,0,1,0,1,0,0,0
431069549,4.77759,0.0,0,1,0,1,0,0,0
431569549,4.75986,0.0,0,1,0,1,0,0,0
432069569,4.76147,0.0,0,1,0,1,0,0,0
432569549,4.78081,0.0,0,1,0,1,0,0,0
433069560,4.77114,0.0,0,1,0,1,0,0,0
433569549,4.76147,0.0,0,1,0,1,0,0,0
434069549,4.78081,0.0,0,1,0,1,0,0,0
434569549,4.76953,0.0,0,1,0,1,0,0,0
435079571,4.77759,0.0,0,1,0,1,0,0,0
435579593,4.77598,0.0,0,1,0,1,0,0,0
436079549,4.83237,0.0,0,1,0,1,0,0,0
436579552,4.83398,0.0,0,1,0,1,0,0,0
437079549,4.83237,0.0,0,1,0,1,0,0,0
437579563,4.77114,0.0,0,1,0,1,0,0,0
438079549,4.76309,0.0,0,1,0,1,0,0,0
438579579,4.77759,0.0,0,1,0,1,0,0,0
439079558,4.76147,0.0,0,1,0,1,0,0,0
439579576,4.76147,0.0,0,1,0,1,0,0,0
440079549,4.78081,0.0,0,1,0,1,0,0,0
440579588,4.76953,0.0,0,1,0,1,0,0,0
441079549,4.84687,0.0,0,1,0,1,0,0,0
441589563,4.83076,0.0,0,1,0,1,0,0,0
442089549,4.82915,0.0,0,1,0,1,0,0,0
442589558,4.75503,0.0,0,1,0,1,0,0,0
443089549,4.82915,0.0,0,1,0,1,0,0,0
443589553,4.82754,0.0,0,1,0,1,0,0,0
444089549,4.77114,0.0,0,1,0,1,0,0,0
444589549,4.76953,0.0,0,1,0,1,0,0,0
445089569,4.83882,0.0,0,1,0,1,0,0,0
445589598,4.78081,0.0,0,1,0,1,0,0,0
446089571,4.78081,0.0,0,1,0,1,0,0,0
446589549,4.78081,0.0,0,1,0,1,0,0,0
447089563,4.77598,0.0,0,1,0,1,0,0,0
447589549,4.77436,0.0,0,1,0,1,0,0,0
448099572,4.8356,0.0,0,1,0,1,0,0,0
448599549,4.7647,0.0,0,1,0,1,0,0,0
449099556,4.80015,0.0,0,1,0,1,0,0,0
449599549,4.83882,0.0,0,1,0,1,0,0,0
450099549,4.82593,0.0,0,1,0,1,0,0,0
450599612,4.76792,0.0,0,1,0,1,0,0,0
451099549,4.83882,0.0,0,1,0,1,0,0,0
451599569,4.7792,0.0,0,1,0,1,0,0,0
452099549,4.84526,0.0,0,1,0,1,0,0,0
452599571,4.7647,0.0,0,1,0,1,0,0,0
453099549,4.7792,0.0,0,1,0,1,0,0,0
453599549,4.77114,0.0,0,1,0,1,0,0,0
454099554,4.77436,0.0,0,1,0,1,0,0,0
454609571,4.77275,0.0,0,1,0,1,0,0,0
455109594,4.76147,0.0,0,1,0,1,0,0,0
455609598,4.77759,0.0,0,1,0,1,0,0,0
456109549,4.81304,0.0,0,1,0,1,0,0,0
456609563,4.84849,0.0,0,1,0,1,0,0,0
457109549,4.82915,0.0,0,1,0,1,0,0,0
457609549,4.8227,0.0,0,1,0,1,0,0,0
458109569,4.84204,0.0,0,1,0,1,0,0,0
458609562,4.78081,0.0,0,1,0,1,0,0,0
459109555,4.77114,0.0,0,1,0,1,0,0,0
459609549,4.77436,0.0,0,1,0,1,0,0,0
460109549,4.85171,0.0,0,1,0,1,0,0,0
460609551,4.78081,0.0,0,1,0,1,0,0,0
461119571,4.78403,0.0,0,1,0,1,0,0,0
461619595,4.84204,0.0,0,1,0,1,0,0,0
462119549,4.77759,0.0,0,1,0,1,0,0,0
462619549,4.83882,0.0,0,1,0,1,0,0,0
463129549,4.8356,0.0,0,1,0,1,0,0,0
463629549,4.80337,0.0,0,1,0,1,0,0,0
464129611,4.84204,0.0,0,1,0,1,0,0,0
464629549,4.76792,0.0,0,1,0,1,0,0,0
465129554,4.83398,0.0,0,1,0,1,0,0,0
465629549,4.84687,0.0,0,1,0,1,0,0,0
466139549,4.76792,0.0,0,1,0,1,0,0,0
466639549,4.77436,0.0,0,1,0,1,0,0,0
467139577,4.73892,0.0,0,1,0,1,0,0,0
467639548,4.7792,0.0,0,1,0,1,0,0,0
468139575,4.75986,0.0,0,1,0,1,0,0,0
468639549,4.77436,0.0,0,1,0,1,0,0,0
469139549,4.77436,0.0,0,1,0,1,0,0,0
469639549,4.83237,0.0,0,1,0,1,0,0,0
470139549,4.8501,0.0,0,1,0,1,0,0,0
470649564,4.78403,0.0,0,1,0,1,0,0,0
471149549,4.82915,0.0,0,1,0,1,0,0,0
471649549,4.8227,0.0,0,1,0,1,0,0,0
472149549,4.78242,0.0,0,1,0,1,0,0,0
472659549,4.77436,0.0,0,1,0,1,0,0,0
473159594,4.76792,0.0,0,1,0,1,0,0,0
473659549,4.77436,0.0,0,1,0,1,0,0,0
474159563,4.74697,0.0,0,1,0,1,0,0,0
474659549,4.77759,0.0,0,1,0,1,0,0,0
475159558,4.77436,0.0,0,1,0,1,0,0,0
475659578,4.81626,0.0,0,1,0,1,0,0,0
476169569,4.83721,0.0,0,1,0,1,0,0,0
476669550,4.83882,0.0,0,1,0,1,0,0,0
477169576,4.84849,0.0,0,1,0,1,0,0,0
477669550,4.84526,0.0,0,1,0,1,0,0,0
478169549,4.78403,0.0,0,1,0,1,0,0,0
478669549,4.77759,0.0,0,1,0,1,0,0,0
479169555,4.7647,0.0,0,1,0,1,0,0,0
479669607,4.84204,0.0,0,1,0,1,0,0,0
480169559,4.77436,0.0,0,1,0,1,0,0,0
480669593,4.76953,0.0,0,1,0,1,0,0,0
481169549,4.76792,0.0,0,1,0,1,0,0,0
481669549,4.77114,0.0,0,1,0,1,0,0,0
482169549,4.77114,0.0,0,1,0,1,0,0,0
482679577,4.78242,0.0,0,1,0,1,0,0,0
483179549,4.77436,0.0,0,1,0,1,0,0,0
483679571,4.8356,0.0,0,1,0,1,0,0,0
484179562,4.84849,0.0,0,1,0,1,0,0,0
484679548,4.8356,0.0,0,1,0,1,0,0,0
485179549,4.78403,0.0,0,1,0,1,0,0,0
485689569,4.84204,0.0,0,1,0,1,0,0,0
486189554,4.78403,0.0,0,1,0,1,0,0,0
486689561,4.7647,0.0,0,1,0,1,0,0,0
487189549,4.77436,0.0,0,1,0,1,0,0,0
487689549,4.76953,0.0,0,1,0,1,0,0,0
488189549,4.73247,0.0,0,1,0,1,0,0,0
488699613,4.78403,0.0,0,1,0,1,0,0,0
489199588,4.77436,0.0,0,1,0,1,0,0,0
489699549,4.80981,0.0,0,1,0,1,0,0,0
490199586,4.76147,0.0,0,1,0,1,0,0,0
490699549,4.8356,0.0,0,1,0,1,0,0,0
491199549,4.84204,0.0,0,1,0,1,0,0,0
491709571,4.8227,0.0,0,1,0,1,0,0,0
492209549,4.76792,0.0,0,1,0,1,0,0,0
492709572,4.76792,0.0,0,1,0,1,0,0,0
493209549,4.8356,0.0,0,1,0,1,0,0,0
493709549,4.76309,0.0,0,1,0,1,0,0,0
494209581,4.76309,0.0,0,1,0,1,0,0,0
494719569,4.77114,0.0,0,1,0,1,0,0,0
495219549,4.76147,0.0,0,1,0,1,0,0,0
495719549,4.8356,0.0,0,1,0,1,0,0,0
496219549,4.82915,0.0,0,1,0,1,0,0,0
496719549,4.79531,0.0,0,1,0,1,0,0,0
497219549,4.83721,0.0,0,1,0,1,0,0,0
497719549,4.82593,0.0,0,1,0,1,0,0,0
498229549,4.84526,0.0,0,1,0,1,0,0,0
498729549,4.78081,0.0,0,1,0,1,0,0,0
499229556,4.77436,0.0,0,1,0,1,0,0,0
499729549,4.7647,0.0,0,1,0,1,0,0,0
500229549,4.7647,0.0,0,1,0,1,0,0,0
500729549,4.77114,0.0,0,1,0,1,0,0,0
501229570,4.77114,0.0,0,1,0,1,0,0,0
501729549,4.76792,0.0,0,1,0,1,0,0,0
502229549,4.73569,0.0,0,1,0,1,0,0,0
502729574,4.77436,0.0,0,1,0,1,0,0,0
503239549,4.7647,0.0,0,1,0,1,0,0,0
503739549,4.81304,0.0,0,1,0,1,0,0,0
504239636,4.82915,0.0,0,1,0,1,0,0,0
504739594,4.81626,0.0,0,1,0,1,0,0,0
505239549,4.82593,0.0,0,1,0,1,0,0,0
505739548,4.84204,0.0,0,1,0,1,0,0,0
506239549,4.75825,0.0,0,1,0,1,0,0,0
506749549,4.75825,0.0,0,1,0,1,0,0,0
507249569,4.77114,0.0,0,1,0,1,0,0,0
507749549,4.76631,0.0,0,1,0,1,0,0,0
508249580,4.7647,0.0,0,1,0,1,0,0,0
508749549,4.76631,0.0,0,1,0,1,0,0,0
509249554,4.77759,0.0,0,1,0,1,0,0,0
509759549,4.82754,0.0,0,1,0,1,0,0,0
510259564,4.7647,0.0,0,1,0,1,0,0,0
510759549,4.76792,0.0,0,1,0,1,0,0,0
511259593,4.79692,0.0,0,1,0,1,0,0,0
511759562,4.83721,0.0,0,1,0,1,0,0,0
512259549,4.75825,0.0,0,1,0,1,0,0,0
512769569,4.74214,0.0,0,1,0,1,0,0,0
513269608,4.77436,0.0,0,1,0,1,0,0,0
513769549,4.75825,0.0,0,1,0,1,0,0,0
514269581,4.76953,0.0,0,1,0,1,0,0,0
514769549,4.77436,0.0,0,1,0,1,0,0,0
515269549,4.7792,0.0,0,1,0,1,0,0,0
515769549,4.75825,0.0,0,1,0,1,0,0,0
516269549,4.80337,0.0,0,1,0,1,0,0,0
516769578,4.83882,0.0,0,1,0,1,0,0,0
517269549,4.75503,0.0,0,1,0,1,0,0,0
517769566,4.84204,0.0,0,1,0,1,0,0,0
518279549,4.83237,0.0,0,1,0,1,0,0,0
518779549,4.83882,0.0,0,1,0,1,0,0,0
519279600,4.82915,0.0,0,1,0,1,0,0,0
519779610,4.77275,0.0,0,1,0,1,0,0,0
520279550,4.77436,0.0,0,1,0,1,0,0,0
520779549,4.75181,0.0,0,1,0,1,0,0,0
521289574,4.78081,0.0,0,1,0,1,0,0,0
521789549,4.78564,0.0,0,1,0,1,0,0,0
522289549,4.77114,0.0,0,1,0,1,0,0,0
522789588,4.78403,0.0,0,1,0,1,0,0,0
523289549,4.80659,0.0,0,1,0,1,0,0,0
523789572,4.76631,0.0,0,1,0,1,0,0,0
524289564,4.83882,0.0,0,1,0,1,0,0,0
524789549,4.8356,0.0,0,1,0,1,0,0,0
525299549,4.76631,0.0,0,1,0,1,0,0,0
525799570,4.8356,0.0,0,1,0,1,0,0,0
526299549,4.78403,0.0,0,1,0,1,0,0,0
526799549,4.75825,0.0,0,1,0,1,0,0,0
527299549,4.76792,0.0,0,1,0,1,0,0,0
527799550,4.76953,0.0,0,1,0,1,0,0,0
528299549,4.77436,0.0,0,1,0,1,0,0,0
528809606,4.76953,0.0,0,1,0,1,0,0,0
529309549,4.81948,0.0,0,1,0,1,0,0,0
529809549,4.8356,0.0,0,1,0,1,0,0,0
530309549,4.77436,0.0,0,1,0,1,0,0,0
530809549,4.83076,0.0,0,1,0,1,0,0,0
531309549,4.82915,0.0,0,1,0,1,0,0,0
531809549,4.84365,0.0,0,1,0,1,0,0,0
532309574,4.82593,0.0,0,1,0,1,0,0,0
532809571,4.83721,0.0,0,1,0,1,0,0,0
533309549,4.82915,0.0,0,1,0,1,0,0,0
533809549,4.78242,0.0,0,1,0,1,0,0,0
534309549,4.80981,0.0,0,1,0,1,0,0,0
534809549,4.77436,0.0,0,1,0,1,0,0,0
535319611,4.78242,0.0,0,1,0,1,0,0,0
535819548,4.77114,0.0,0,1,0,1,0,0,0
536319549,4.78081,0.0,0,1,0,1,0,0,0
536819551,4.74214,0.0,0,1,0,1,0,0,0
537319565,4.78242,0.0,0,1,0,1,0,0,0
537819554,4.83882,0.0,0,1,0,1,0,0,0
538319549,4.8356,0.0,0,1,0,1,0,0,0
538819564,4.83237,0.0,0,1,0,1,0,0,0
539319549,4.82593,0.0,0,1,0,1,0,0,0
539819549,4.77275,0.0,0,1,0,1,0,0,0
540319550,4.73892,0.0,0,1,0,1,0,0,0
540829549,4.76147,0.0,0,1,0,1,0,0,0
541329551,4.76147,0.0,0,1,0,1,0,0,0
541829608,4.75825,0.0,0,1,0,1,0,0,0
542329549,4.7792,0.0,0,1,0,1,0,0,0
542829606,4.76147,0.0,0,1,0,1,0,0,0
543329549,4.75986,0.0,0,1,0,1,0,0,0
543829549,4.77759,0.0,0,1,0,1,0,0,0
544329549,4.81626,0.0,0,1,0,1,0,0,0
544839569,4.83237,0.0,0,1,0,1,0,0,0
545339592,4.83721,0.0,0,1,0,1,0,0,0
545839576,4.8356,0.0,0,1,0,1,0,0,0
546339549,4.83882,0.0,0,1,0,1,0,0,0
546839549,4.77114,0.0,0,1,0,1,0,0,0
547339549,4.77114,0.0,0,1,0,1,0,0,0
547839585,4.77759,0.0,0,1,0,1,0,0,0
548339589,4.84043,0.0,0,1,0,1,0,0,0
548839549,4.77275,0.0,0,1,0,1,0,0,0
549339549,4.74214,0.0,0,1,0,1,0,0,0
549839549,4.7647,0.0,0,1,0,1,0,0,0
550349557,4.75181,0.0,0,1,0,1,0,0,0
550849549,4.73569,0.0,0,1,0,1,0,0,0
551349593,4.7792,0.0,0,1,0,1,0,0,0
551849549,4.84043,0.0,0,1,0,1,0,0,0
552349584,4.82109,0.0,0,1,0,1,0,0,0
552849592,4.84043,0.0,0,1,0,1,0,0,0
553349549,4.76147,0.0,0,1,0,1,0,0,0
553859577,4.76631,0.0,0,1,0,1,0,0,0
554359569,4.74536,0.0,0,1,0,1,0,0,0
554859549,4.77759,0.0,0,1,0,1,0,0,0
555359550,4.75503,0.0,0,1,0,1,0,0,0
555859549,4.76953,0.0,0,1,0,1,0,0,0
556369552,4.77114,0.0,0,1,0,1,0,0,0
556869549,4.74536,0.0,0,1,0,1,0,0,0
557369618,4.77436,0.0,0,1,0,1,0,0,0
557869554,4.77436,0.0,0,1,0,1,0,0,0
558369553,4.82915,0.0,0,1,0,1,0,0,0
558869549,4.84204,0.0,0,1,0,1,0,0,0
559379549,4.77114,0.0,0,1,0,1,0,0,0
559879549,4.76147,0.0,0,1,0,1,0,0,0
560379569,4.77759,0.0,0,1,0,1,0,0,0
560879550,4.77436,0.0,0,1,0,1,0,0,0
561379592,4.77114,0.0,0,1,0,1,0,0,0
561889549,4.78081,0.0,0,1,0,1,0,0,0
562389577,4.78081,0.0,0,1,0,1,0,0,0
562889581,4.78564,0.0,0,1,0,1,0,0,0
563389569,4.77598,0.0,0,1,0,1,0,0,0
563889549,4.82915,0.0,0,1,0,1,0,0,0
564389549,4.77759,0.0,0,1,0,1,0,0,0
564889549,4.81626,0.0,0,1,0,1,0,0,0
565389549,4.84849,0.0,0,1,0,1,0,0,0
565889549,4.83882,0.0,0,1,0,1,0,0,0
566389554,4.83882,0.0,0,1,0,1,0,0,0
566899549,4.8501,0.0,0,1,0,1,0,0,0
567399552,4.74697,0.0,0,1,0,1,0,0,0
567899573,4.78403,0.0,0,1,0,1,0,0,0
568399549,4.76953,0.0,0,1,0,1,0,0,0
568899549,4.78242,0.0,0,1,0,1,0,0,0
569399549,4.7647,0.0,0,1,0,1,0,0,0
569909549,4.78242,0.0,0,1,0,1,0,0,0
570409571,4.77275,0.0,0,1,0,1,0,0,0
570909549,4.75181,0.0,0,1,0,1,0,0,0
571409573,4.8356,0.0,0,1,0,1,0,0,0
571909549,4.83882,0.0,0,1,0,1,0,0,0
572409549,4.84204,0.0,0,1,0,1,0,0,0
572909613,4.8501,0.0,0,1,0,1,0,0,0
573409551,4.77759,0.0,0,1,0,1,0,0,0
573919549,4.79209,0.0,0,1,0,1,0,0,0
574419549,4.76631,0.0,0,1,0,1,0,0,0
574919549,4.7647,0.0,0,1,0,1,0,0,0
575419549,4.7792,0.0,0,1,0,1,0,0,0
575919569,4.7792,0.0,0,1,0,1,0,0,0
576419567,4.78081,0.0,0,1,0,1,0,0,0
576919576,4.77436,0.0,0,1,0,1,0,0,0
577419549,4.77436,0.0,0,1,0,1,0,0,0
577919549,4.77436,0.0,0,1,0,1,0,0,0
578419557,4.81787,0.0,0,1,0,1,0,0,0
578929577,4.8356,0.0,0,1,0,1,0,0,0
579429549,4.83882,0.0,0,1,0,1,0,0,0
579929549,4.83882,0.0,0,1,0,1,0,0,0
580429554,4.83721,0.0,0,1,0,1,0,0,0
580929554,4.84204,0.0,0,1,0,1,0,0,0
581429583,4.77275,0.0,0,1,0,1,0,0,0
581929555,4.76953,0.0,0,1,0,1,0,0,0
582439550,4.77114,0.0,0,1,0,1,0,0,0
582939556,4.76792,0.0,0,1,0,1,0,0,0
583439549,4.76953,0.0,0,1,0,1,0,0,0
583939549,4.77114,0.0,0,1,0,1,0,0,0
584439551,4.8356,0.0,0,1,0,1,0,0,0
584939549,4.84204,0.0,0,1,0,1,0,0,0
585439569,4.76953,0.0,0,1,0,1,0,0,0
585939549,4.84204,0.0,0,1,0,1,0,0,0
586439587,4.83882,0.0,0,1,0,1,0,0,0
586939554,4.79209,0.0,0,1,0,1,0,0,0
587439557,4.76631,0.0,0,1,0,1,0,0,0
587939549,4.7647,0.0,0,1,0,1,0,0,0
588449601,4.78081,0.0,0,1,0,1,0,0,0
588949549,4.76792,0.0,0,1,0,1,0,0,0
589449549,4.75825,0.0,0,1,0,1,0,0,0
589959550,4.77598,0.0,0,1,0,1,0,0,0
590459549,4.83237,0.0,0,1,0,1,0,0,0
590959550,4.82915,0.0,0,1,0,1,0,0,0
591459598,4.78081,0.0,0,1,0,1,0,0,0
591959562,4.75825,0.0,0,1,0,1,0,0,0
592459571,4.83237,0.0,0,1,0,1,0,0,0
592959549,4.81787,0.0,0,1,0,1,0,0,0
593459549,4.84043,0.0,0,1,0,1,0,0,0
593959559,4.75181,0.0,0,1,0,1,0,0,0
594469572,4.75664,0.0,0,1,0,1,0,0,0
594969595,4.83076,0.0,0,1,0,1,0,0,0
595469549,4.7647,0.0,0,1,0,1,0,0,0
595969549,4.77114,0.0,0,1,0,1,0,0,0
596469561,4.77436,0.0,0,1,0,1,0,0,0
596969554,4.78242,0.0,0,1,0,1,0,0,0
597479594,4.76792,0.0,0,1,0,1,0,0,0
597979557,4.76147,0.0,0,1,0,1,0,0,0
598479549,4.76953,0.0,0,1,0,1,0,0,0
598979549,4.83721,0.0,0,1,0,1,0,0,0
599479549,4.84526,0.0,0,1,0,1,0,0,0
599979553,4.83237,0.0,0,1,0,1,0,0,0
600479550,4.83882,0.0,0,1,0,1,0,0,0
600979569,4.76792,0.0,0,1,0,1,0,0,0
601479549,4.76309,0.0,0,1,0,1,0,0,0
601979549,4.77275,0.0,0,1,0,1,0,0,0
602489549,4.7647,0.0,0,1,0,1,0,0,0
602989549,4.77759,0.0,0,1,0,1,0,0,0
603489549,4.77275,0.0,0,1,0,1,0,0,0
603989604,4.77759,0.0,0,1,0,1,0,0,0
604489553,4.73247,0.0,0,1,0,1,0,0,0
604989555,4.76631,0.0,0,1,0,1,0,0,0
605489549,4.82593,0.0,0,1,0,1,0,0,0
605989549,4.83237,0.0,0,1,0,1,0,0,0
606489554,4.8356,0.0,0,1,0,1,0,0,0
606999569,4.8356,0.0,0,1,0,1,0,0,0
607499549,4.77275,0.0,0,1,0,1,0,0,0
607999577,4.77114,0.0,0,1,0,1,0,0,0
608499562,4.77114,0.0,0,1,0,1,0,0,0
608999558,4.74536,0.0,0,1,0,1,0,0,0
609499549,4.85493,0.0,0,1,0,1,0,0,0
610009577,4.77759,0.0,0,1,0,1,0,0,0
610509549,4.82915,0.0,0,1,0,1,0,0,0
611009549,4.75986,0.0,0,1,0,1,0,0,0
611509569,4.77114,0.0,0,1,0,1,0,0,0
612009549,4.8356,0.0,0,1,0,1,0,0,0
612509549,4.74375,0.0,0,1,0,1,0,0,0
613019607,4.8356,0.0,0,1,0,1,0,0,0
613519563,4.83237,0.0,0,1,0,1,0,0,0
614019549,4.77759,0.0,0,1,0,1,0,0,0
614519548,4.83237,0.0,0,1,0,1,0,0,0
615019574,4.7647,0.0,0,1,0,1,0,0,0
615519549,4.76953,0.0,0,1,0,1,0,0,0
616019549,4.77759,0.0,0,1,0,1,0,0,0
616519603,4.77759,0.0,0,1,0,1,0,0,0
617019549,4.75503,0.0,0,1,0,1,0,0,0
617519549,4.7647,0.0,0,1,0,1,0,0,0
618019549,4.77114,0.0,0,1,0,1,0,0,0
618519578,4.76792,0.0,0,1,0,1,0,0,0
619019549,4.79531,0.0,0,1,0,1,0,0,0
619529601,4.84204,0.0,0,1,0,1,0,0,0
620029560,4.8356,0.0,0,1,0,1,0,0,0
620529549,4.84526,0.0,0,1,0,1,0,0,0
621029589,4.83237,0.0,0,1,0,1,0,0,0
621529549,4.74375,0.0,0,1,0,1,0,0,0
622029549,4.83237,0.0,0,1,0,1,0,0,0
622539564,4.77114,0.0,0,1,0,1,0,0,0
623039556,4.76953,0.0,0,1,0,1,0,0,0
623539586,4.76792,0.0,0,1,0,1,0,0,0
624039549,4.74536,0.0,0,1,0,1,0,0,0
624539549,4.78403,0.0,0,1,0,1,0,0,0
625039578,4.75181,0.0,0,1,0,1,0,0,0
625549569,4.74375,0.0,0,1,0,1,0,0,0
626049593,4.76953,0.0,0,1,0,1,0,0,0
626549549,4.84204,0.0,0,1,0,1,0,0,0
627049549,4.83237,0.0,0,1,0,1,0,0,0
627549549,4.82109,0.0,0,1,0,1,0,0,0
628049549,4.82593,0.0,0,1,0,1,0,0,0
628549549,4.8356,0.0,0,1,0,1,0,0,0
629049569,4.77598,0.0,0,1,0,1,0,0,0
629549549,4.75825,0.0,0,1,0,1,0,0,0
630049598,4.77759,0.0,0,1,0,1,0,0,0
630549549,4.77275,0.0,0,1,0,1,0,0,0
631049549,4.76792,0.0,0,1,0,1,0,0,0
631549549,4.77436,0.0,0,1,0,1,0,0,0
632059569,4.76147,0.0,0,1,0,1,0,0,0
632559591,4.79692,0.0,0,1,0,1,0,0,0
633059549,4.77759,0.0,0,1,0,1,0,0,0
633559549,4.83237,0.0,0,1,0,1,0,0,0
634059549,4.83721,0.0,0,1,0,1,0,0,0
634559549,4.75825,0.0,0,1,0,1,0,0,0
635059591,4.77114,0.0,0,1,0,1,0,0,0
635559569,4.7647,0.0,0,1,0,1,0,0,0
636059549,4.77114,0.0,0,1,0,1,0,0,0
636569549,4.85332,0.0,0,1,0,1,0,0,0
637069561,4.77436,0.0,0,1,0,1,0,0,0
637569549,4.76792,0.0,0,1,0,1,0,0,0
638069549,4.75825,0.0,0,1,0,1,0,0,0
638569586,4.77114,0.0,0,1,0,1,0,0,0
639069549,4.77436,0.0,0,1,0,1,0,0,0
639569549,4.82432,0.0,0,1,0,1,0,0,0
640069593,4.83237,0.0,0,1,0,1,0,0,0
640569549,4.7647,0.0,0,1,0,1,0,0,0
641069549,4.76953,0.0,0,1,0,1,0,0,0
641579601,4.77598,0.0,0,1,0,1,0,0,0
642079549,4.83398,0.0,0,1,0,1,0,0,0
642579556,4.77436,0.0,0,1,0,1,0,0,0
643089574,4.76953,0.0,0,1,0,1,0,0,0
643589549,4.76953,0.0,0,1,0,1,0,0,0
644089549,4.78403,0.0,0,1,0,1,0,0,0
644589580,4.7647,0.0,0,1,0,1,0,0,0
645089596,4.76792,0.0,0,1,0,1,0,0,0
645589573,4.84204,0.0,0,1,0,1,0,0,0
646089557,4.82754,0.0,0,1,0,1,0,0,0
646589549,4.83237,0.0,0,1,0,1,0,0,0
647099552,4.84204,0.0,0,1,0,1,0,0,0
647599572,4.84849,0.0,0,1,0,1,0,0,0
648099549,4.83237,0.0,0,1,0,1,0,0,0
648599549,4.77114,0.0,0,1,0,1,0,0,0
649099549,4.84365,0.0,0,1,0,1,0,0,0
649599549,4.77759,0.0,0,1,0,1,0,0,0
650099561,4.7792,0.0,0,1,0,1,0,0,0
650599549,4.77598,0.0,0,1,0,1,0,0,0
651099569,4.74697,0.0,0,1,0,1,0,0,0
651599597,4.77759,0.0,0,1,0,1,0,0,0
652099575,4.77598,0.0,0,1,0,1,0,0,0
652599549,4.76147,0.0,0,1,0,1,0,0,0
653099549,4.77275,0.0,0,1,0,1,0,0,0
653599549,4.78403,0.0,0,1,0,1,0,0,0
654109577,4.84365,0.0,0,1,0,1,0,0,0
654609552,4.83882,0.0,0,1,0,1,0,0,0
655109567,4.81304,0.0,0,1,0,1,0,0,0
655609556,4.75503,0.0,0,1,0,1,0,0,0
656109549,4.7647,0.0,0,1,0,1,0,0,0
656609549,4.76631,0.0,0,1,0,1,0,0,0
657109549,4.76147,0.0,0,1,0,1,0,0,0
657609569,4.77598,0.0,0,1,0,1,0,0,0
658109549,4.77759,0.0,0,1,0,1,0,0,0
658609569,4.76792,0.0,0,1,0,1,0,0,0
659109549,4.76309,0.0,0,1,0,1,0,0,0
659609549,4.8227,0.0,0,1,0,1,0,0,0
660119585,4.80659,0.0,0,1,0,1,0,0,0
660619568,4.84043,0.0,0,1,0,1,0,0,0
661119549,4.83237,0.0,0,1,0,1,0,0,0
661619549,4.80015,0.0,0,1,0,1,0,0,0
662119549,4.83398,0.0,0,1,0,1,0,0,0
662619549,4.82915,0.0,0,1,0,1,0,0,0
663119556,4.83882,0.0,0,1,0,1,0,0,0
663629596,4.76953,0.0,0,1,0,1,0,0,0
664129549,4.7647,0.0,0,1,0,1,0,0,0
664629549,4.76953,0.0,0,1,0,1,0,0,0
665129576,4.78081,0.0,0,1,0,1,0,0,0
665629549,4.8501,0.0,0,1,0,1,0,0,0
666129549,4.82109,0.0,0,1,0,1,0,0,0
666629558,4.83882,0.0,0,1,0,1,0,0,0
667129568,4.8501,0.0,0,1,0,1,0,0,0
667629549,4.84043,0.0,0,1,0,1,0,0,0
668129549,4.76953,0.0,0,1,0,1,0,0,0
668629553,4.84043,0.0,0,1,0,1,0,0,0
669129552,4.76147,0.0,0,1,0,1,0,0,0
669629549,4.7647,0.0,0,1,0,1,0,0,0
670139654,4.7792,0.0,0,1,0,1,0,0,0
670639549,4.79209,0.0,0,1,0,1,0,0,0
671139548,4.76792,0.0,0,1,0,1,0,0,0
671639549,4.78081,0.0,0,1,0,1,0,0,0
672139549,4.8227,0.0,0,1,0,1,0,0,0
672639549,4.77436,0.0,0,1,0,1,0,0,0
673139549,4.77436,0.0,0,1,0,1,0,0,0
673639563,4.78081,0.0,0,1,0,1,0,0,0
674149582,4.84043,0.0,0,1,0,1,0,0,0
674649549,4.83398,0.0,0,1,0,1,0,0,0
675149574,4.84526,0.0,0,1,0,1,0,0,0
675649549,4.81948,0.0,0,1,0,1,0,0,0
676149549,4.76953,0.0,0,1,0,1,0,0,0
676649607,4.75825,0.0,0,1,0,1,0,0,0
677149594,4.75342,0.0,0,1,0,1,0,0,0
677649549,4.7792,0.0,0,1,0,1,0,0,0
678149549,4.74536,0.0,0,1,0,1,0,0,0
678649563,4.77759,0.0,0,1,0,1,0,0,0
679149551,4.76631,0.0,0,1,0,1,0,0,0
679659564,4.76953,0.0,0,1,0,1,0,0,0
680159549,4.76631,0.0,0,1,0,1,0,0,0
680669549,4.80981,0.0,0,1,0,1,0,0,0
681169549,4.83237,0.0,0,1,0,1,0,0,0
681669549,4.82915,0.0,0,1,0,1,0,0,0
682169554,4.82593,0.0,0,1,0,1,0,0,0
682669576,4.75503,0.0,0,1,0,1,0,0,0
683169549,4.76309,0.0,0,1,0,1,0,0,0
683669582,4.75664,0.0,0,1,0,1,0,0,0
684169549,4.74858,0.0,0,1,0,1,0,0,0
684669549,4.76953,0.0,0,1,0,1,0,0,0
685169549,4.75825,0.0,0,1,0,1,0,0,0
685679609,4.83721,0.0,0,1,0,1,0,0,0
686179549,4.83882,0.0,0,1,0,1,0,0,0
686679549,4.77759,0.0,0,1,0,1,0,0,0
687179549,4.8227,0.0,0,1,0,1,0,0,0
687679549,4.84043,0.0,0,1,0,1,0,0,0
688179549,4.83398,0.0,0,1,0,1,0,0,0
688679586,4.84849,0.0,0,1,0,1,0,0,0
689179569,4.77114,0.0,0,1,0,1,0,0,0
689679549,4.83398,0.0,0,1,0,1,0,0,0
690179549,4.83882,0.0,0,1,0,1,0,0,0
690679554,4.76953,0.0,0,1,0,1,0,0,0
691179549,4.7647,0.0,0,1,0,1,0,0,0
691689549,4.77275,0.0,0,1,0,1,0,0,0
692189575,4.76147,0.0,0,1,0,1,0,0,0
692689553,4.77598,0.0,0,1,0,1,0,0,0
693189549,4.84526,0.0,0,1,0,1,0,0,0
693689576,4.81948,0.0,0,1,0,1,0,0,0
694189549,4.8356,0.0,0,1,0,1,0,0,0
694689549,4.8501,0.0,0,1,0,1,0,0,0
695189549,4.83398,0.0,0,1,0,1,0,0,0
695689568,4.75986,0.0,0,1,0,1,0,0,0
696189549,4.76147,0.0,0,1,0,1,0,0,0
696689549,4.78081,0.0,0,1,0,1,0,0,0
697189554,4.76792,0.0,0,1,0,1,0,0,0
697699549,4.76147,0.0,0,1,0,1,0,0,0
698199549,4.75825,0.0,0,1,0,1,0,0,0
698699573,4.76147,0.0,0,1,0,1,0,0,0
699199560,4.7647,0.0,0,1,0,1,0,0,0
699699548,4.83237,0.0,0,1,0,1,0,0,0
700199565,4.77759,0.0,0,1,0,1,0,0,0
700699549,4.76147,0.0,0,1,0,1,0,0,0
701199549,4.84204,0.0,0,1,0,1,0,0,0
701709564,4.8356,0.0,0,1,0,1,0,0,0
702209549,4.80337,0.0,0,1,0,1,0,0,0
702709574,4.7647,0.0,0,1,0,1,0,0,0
703209549,4.8356,0.0,0,1,0,1,0,0,0
703709598,4.76792,0.0,0,1,0,1,0,0,0
704209549,4.76309,0.0,0,1,0,1,0,0,0
704719575,4.76147,0.0,0,1,0,1,0,0,0
705219549,4.76147,0.0,0,1,0,1,0,0,0
705719549,4.76792,0.0,0,1,0,1,0,0,0
706219549,4.76953,0.0,0,1,0,1,0,0,0
706719583,4.74858,0.0,0,1,0,1,0,0,0
707219549,4.80176,0.0,0,1,0,1,0,0,0
707729610,4.77114,0.0,0,1,0,1,0,0,0
708229593,4.82915,0.0,0,1,0,1,0,0,0
708729565,4.8356,0.0,0,1,0,1,0,0,0
709229549,4.82432,0.0,0,1,0,1,0,0,0
709729549,4.78242,0.0,0,1,0,1,0,0,0
710229549,4.77759,0.0,0,1,0,1,0,0,0
710729557,4.77436,0.0,0,1,0,1,0,0,0
711229564,4.7647,0.0,0,1,0,1,0,0,0
711739577,4.76147,0.0,0,1,0,1,0,0,0
712239556,4.77598,0.0,0,1,0,1,0,0,0
712739549,4.77114,0.0,0,1,0,1,0,0,0
713239549,4.77436,0.0,0,1,0,1,0,0,0
713739554,4.7647,0.0,0,1,0,1,0,0,0
714239608,4.84687,0.0,0,1,0,1,0,0,0
714739549,4.71958,0.0,0,1,0,1,0,0,0
715239549,4.84204,0.0,0,1,0,1,0,0,0
715739549,4.82915,0.0,0,1,0,1,0,0,0
716249549,4.76953,0.0,0,1,0,1,0,0,0
716749550,4.78081,0.0,0,1,0,1,0,0,0
717249574,4.75986,0.0,0,1,0,1,0,0,0
717749549,4.76953,0.0,0,1,0,1,0,0,0
718249576,4.77114,0.0,0,1,0,1,0,0,0
718749558,4.77436,0.0,0,1,0,1,0,0,0
719259549,4.75986,0.0,0,1,0,1,0,0,0
719759549,4.74697,0.0,0,1,0,1,0,0,0
720259565,4.77436,0.0,0,1,0,1,0,0,0
720759549,4.8227,0.0,0,1,0,1,0,0,0
721259549,4.7937,0.0,0,1,0,1,0,0,0
721759549,4.81304,0.0,0,1,0,1,0,0,0
722259562,4.83882,0.0,0,1,0,1,0,0,0
722769549,4.83237,0.0,0,1,0,1,0,0,0
